corrected,seed,cls,n,mean,sd,truth,covered,abs_error
False,200000,0,33,0.19066445913221383,0.0034762899972549913,0.12,False,0.07066445913221384
False,200000,1,2,0.8425367510964932,0.013801311186847085,0.14,False,0.7025367510964932
False,200000,2,70,0.5806428851462457,0.00238875157648325,0.62,False,0.03935711485375426
False,200000,3,5,0.2337920920485312,0.008856148855400953,0.06,False,0.17379209204853122
False,200001,0,39,0.13997036690197973,0.0031984651050360065,0.12,False,0.01997036690197973
False,200001,1,1,0.11489464057030682,0.019069251784911846,0.14,True,0.02510535942969319
False,200001,2,8,0.3777808687721093,0.007027283689263065,0.62,False,0.24221913122789068
False,200001,4,2,0.09326202003464255,0.013801311186847085,0.26,False,0.16673797996535744
False,200002,0,8,0.15944140107108412,0.007027283689263065,0.12,False,0.039441401071084126
False,200002,1,82,0.1291756550654656,0.0022072850260802523,0.14,False,0.010824344934534408
False,200002,2,4,0.48411158990121256,0.009877295966495897,0.62,False,0.13588841009878744
False,200002,3,1,0.01947817242010577,0.019069251784911846,0.06,False,0.040521827579894226
False,200002,4,5,0.0900811802550073,0.008856148855400953,0.26,False,0.1699188197449927
False,200003,2,2,0.7375477044419736,0.013801311186847085,0.62,False,0.1175477044419736
False,200003,3,1,0.6879814727173867,0.019069251784911846,0.06,False,0.6279814727173867
False,200004,0,12,0.13918102373491467,0.00574959574576069,0.12,False,0.019181023734914676
False,200004,1,12,0.21262994919963701,0.00574959574576069,0.14,False,0.072629949199637
False,200004,2,8,0.47999886145056514,0.007027283689263065,0.62,False,0.14000113854943486
False,200004,3,1,0.4608523777190057,0.019069251784911846,0.06,False,0.4008523777190057
False,200005,0,2,0.45584060243839675,0.013801311186847085,0.12,False,0.33584060243839675
False,200005,1,48,0.1480979154414701,0.002883749003642362,0.14,False,0.008097915441470094
False,200005,2,2,0.35169744246206175,0.013801311186847085,0.62,False,0.26830255753793825
False,200005,3,1,0.1737272192253548,0.019069251784911846,0.06,False,0.11372721922535481
False,200006,2,2,0.6482110090111547,0.013801311186847085,0.62,False,0.028211009011154697
False,200007,0,127,0.1229958648543376,0.001774014725270341,0.12,True,0.0029958648543376015
False,200007,1,8,0.23821945598922303,0.007027283689263065,0.14,False,0.09821945598922302
False,200007,2,11,0.34668850380094673,0.006003002251876642,0.62,False,0.27331149619905326
False,200007,3,5,0.20957859169207702,0.008856148855400953,0.06,False,0.14957859169207702
False,200007,4,4,0.16582239265154114,0.009877295966495897,0.26,False,0.09417760734845887
False,200008,0,21,0.16270270563971603,0.0043540034418410815,0.12,False,0.04270270563971604
False,200008,1,7,0.6028727413629444,0.007505866250408015,0.14,False,0.46287274136294443
False,200008,2,73,0.629643878080003,0.0023392212858877213,0.62,False,0.009643878080002999
False,200008,3,2,0.46020860594592705,0.013801311186847085,0.06,False,0.40020860594592705
False,200008,4,1,0.4798709751068704,0.019069251784911846,0.26,False,0.21987097510687037
False,200009,0,15,0.14820340185207703,0.005146850126549788,0.12,False,0.028203401852077037
False,200009,1,3,0.296194564007852,0.011359236684941296,0.14,False,0.15619456400785198
False,200009,2,40,0.6112017939201501,0.003158332209274327,0.62,False,0.008798206079849935
False,200009,3,1,0.5063609635943861,0.019069251784911846,0.06,False,0.4463609635943861
False,200010,0,10,0.13443507675006053,0.006293167755275526,0.12,False,0.014435076750060533
False,200010,1,31,0.1355410388464423,0.0035863263006041634,0.14,True,0.004458961153557706
False,200010,2,2,0.40695908443303336,0.013801311186847085,0.62,False,0.21304091556696664
False,200010,3,1,0.058051573992922295,0.019069251784911846,0.06,True,0.0019484260070777026
False,200010,4,2,0.14398091411567188,0.013801311186847085,0.26,False,0.11601908588432813
False,200011,0,128,0.12417203598319027,0.0017670768233468742,0.12,False,0.00417203598319027
False,200011,1,5,0.12893084085990825,0.008856148855400953,0.14,True,0.011069159140091767
False,200011,2,3,0.5483316976842285,0.011359236684941296,0.62,False,0.07166830231577148
False,200011,3,5,0.055598378143038946,0.008856148855400953,0.06,True,0.004401621856961052
False,200011,4,4,0.2653118235645848,0.009877295966495897,0.26,True,0.005311823564584817
False,200012,0,3,0.3782859738504177,0.011359236684941296,0.12,False,0.2582859738504177
False,200012,1,17,0.15369585224130863,0.0048365083340667445,0.14,False,0.01369585224130862
False,200012,2,14,0.5578274115731776,0.005326236412913074,0.62,False,0.062172588426822384
False,200013,0,31,0.124632853703199,0.0035863263006041634,0.12,True,0.004632853703199005
False,200013,1,135,0.13646157274458925,0.0017206887574887093,0.14,False,0.0035384272554107588
False,200013,2,8,0.46770031879697993,0.007027283689263065,0.62,False,0.15229968120302007
False,200013,3,4,0.14857979198313015,0.009877295966495897,0.06,False,0.08857979198313015
False,200013,4,4,0.18796478092744065,0.009877295966495897,0.26,False,0.07203521907255936
False,200014,0,15,0.10607986443830614,0.005146850126549788,0.12,False,0.013920135561693858
False,200014,1,10,0.16093919732875706,0.006293167755275526,0.14,False,0.020939197328757042
False,200014,2,2,0.7312702427267727,0.013801311186847085,0.62,False,0.11127024272677266
False,200014,3,1,0.20615521995300803,0.019069251784911846,0.06,False,0.14615521995300804
False,200014,4,1,0.09537144095954748,0.019069251784911846,0.26,False,0.16462855904045254
False,200015,0,30,0.16969713799143302,0.003645413082882446,0.12,False,0.04969713799143302
False,200015,1,12,0.15163535820107035,0.00574959574576069,0.14,False,0.01163535820107034
False,200015,2,6,0.6400247605326491,0.00809776330178916,0.62,False,0.020024760532649122
False,200015,3,1,0.12004622793111097,0.019069251784911846,0.06,False,0.060046227931110974
False,200016,0,18,0.11003655557546835,0.004701004947222685,0.12,False,0.009963444424531648
False,200016,1,1,0.12514197614352052,0.019069251784911846,0.14,True,0.014858023856479496
False,200016,2,5,0.5169500091744063,0.008856148855400953,0.62,False,0.10304999082559374
False,200016,3,2,0.07908194557653732,0.013801311186847085,0.06,True,0.01908194557653732
False,200016,4,5,0.24055841859663554,0.008856148855400953,0.26,False,0.019441581403364466
False,200017,0,16,0.11508294631232971,0.0049844478627922685,0.12,True,0.004917053687670286
False,200017,2,5,0.7461285128571391,0.008856148855400953,0.62,False,0.1261285128571391
False,200017,3,1,0.6347505452718367,0.019069251784911846,0.06,False,0.5747505452718367
False,200017,4,1,0.09362583040386661,0.019069251784911846,0.26,False,0.16637416959613338
False,200018,0,11,0.14654402886280493,0.006003002251876642,0.12,False,0.026544028862804936
False,200018,1,3,0.13580180655383045,0.011359236684941296,0.14,True,0.0041981934461695625
False,200018,2,7,0.5444861086100867,0.007505866250408015,0.62,False,0.07551389138991327
False,200018,3,1,0.6469334589643293,0.019069251784911846,0.06,False,0.5869334589643294
False,200018,4,4,0.24600031791759883,0.009877295966495897,0.26,True,0.013999682082401183
False,200019,0,9,0.22202734762631482,0.006629935441317959,0.12,False,0.10202734762631482
False,200019,1,1,0.6904672364467606,0.019069251784911846,0.14,False,0.5504672364467605
False,200019,2,32,0.60644255682232,0.0035300225480910394,0.62,False,0.01355744317768004
False,200019,3,2,0.5575536053984954,0.013801311186847085,0.06,False,0.4975536053984954
False,200019,4,3,0.6155555988952135,0.011359236684941296,0.26,False,0.3555555988952135
False,200020,0,124,0.11819332499554992,0.0017953292430792744,0.12,True,0.001806675004450073
False,200020,1,3,0.3286875069045429,0.011359236684941296,0.14,False,0.1886875069045429
False,200020,2,6,0.5188259225162889,0.00809776330178916,0.62,False,0.1011740774837111
False,200020,3,4,0.052695638496680866,0.009877295966495897,0.06,True,0.007304361503319132
False,200020,4,2,0.11405225374087613,0.013801311186847085,0.26,False,0.14594774625912388
False,200021,0,11,0.11304462242741829,0.006003002251876642,0.12,True,0.006955377572581703
False,200021,1,251,0.1352933121347755,0.0012621374094379217,0.14,False,0.004706687865224518
False,200021,2,11,0.5024445367282026,0.006003002251876642,0.62,False,0.11755546327179744
False,200021,3,5,0.32585328865932567,0.008856148855400953,0.06,False,0.26585328865932567
False,200021,4,3,0.2621995731406811,0.011359236684941296,0.26,True,0.002199573140681088
False,200022,0,15,0.12908951682273434,0.005146850126549788,0.12,True,0.009089516822734345
False,200022,2,12,0.6013018424469122,0.00574959574576069,0.62,False,0.01869815755308779
False,200022,3,4,0.41251108101625195,0.009877295966495897,0.06,False,0.35251108101625195
False,200022,4,2,0.5085872285863805,0.013801311186847085,0.26,False,0.2485872285863805
False,200023,0,220,0.12339839983704176,0.0013480933748771082,0.12,False,0.0033983998370417656
False,200023,1,2,0.09249643051288255,0.013801311186847085,0.14,False,0.04750356948711747
False,200023,2,12,0.47766476619621984,0.00574959574576069,0.62,False,0.14233523380378016
False,200023,3,4,0.07253930229254962,0.009877295966495897,0.06,True,0.012539302292549626
False,200023,4,7,0.22126119598443647,0.007505866250408015,0.26,False,0.03873880401556354
False,200024,0,243,0.11839001164560622,0.001282736687757582,0.12,True,0.001609988354393771
False,200024,1,4,0.12004923815797804,0.009877295966495897,0.14,False,0.019950761842021977
False,200024,2,17,0.39096466313921535,0.0048365083340667445,0.62,False,0.22903533686078464
False,200024,3,9,0.15058066825320726,0.006629935441317959,0.06,False,0.09058066825320726
False,200024,4,4,0.12576869405017962,0.009877295966495897,0.26,False,0.13423130594982038
False,200025,0,18,0.10954293359694228,0.004701004947222685,0.12,False,0.010457066403057713
False,200025,1,12,0.13098657449594361,0.00574959574576069,0.14,True,0.0090134255040564
False,200025,2,15,0.5697457785559075,0.005146850126549788,0.62,False,0.05025422144409253
False,200025,3,1,0.5492631385614215,0.019069251784911846,0.06,False,0.4892631385614215
False,200026,0,3,0.11797427269510022,0.011359236684941296,0.12,True,0.002025727304899777
False,200026,1,20,0.15729437320284723,0.004460997367454705,0.14,False,0.017294373202847213
False,200026,2,3,0.7064302885454246,0.011359236684941296,0.62,False,0.08643028854542456
False,200026,3,2,0.07143643743308897,0.013801311186847085,0.06,True,0.011436437433088975
False,200026,4,1,0.16801469061635327,0.019069251784911846,0.26,False,0.09198530938364674
False,200027,0,26,0.10910562150419893,0.0039148014634313565,0.12,False,0.010894378495801063
False,200027,1,1,0.5491040119387776,0.019069251784911846,0.14,False,0.40910401193877755
False,200027,2,2,0.7590508481035864,0.013801311186847085,0.62,False,0.13905084810358637
False,200027,3,4,0.05690179224705043,0.009877295966495897,0.06,True,0.0030982077529495694
False,200028,0,32,0.12161413406341866,0.0035300225480910394,0.12,True,0.0016141340634186624
False,200028,1,2,0.3096777237880369,0.013801311186847085,0.14,False,0.16967772378803686
False,200028,2,30,0.638131832080121,0.003645413082882446,0.62,False,0.018131832080121035
False,200028,3,7,0.1917606823199228,0.007505866250408015,0.06,False,0.1317606823199228
False,200029,0,10,0.13017564723539088,0.006293167755275526,0.12,True,0.010175647235390883
False,200029,1,2,0.0984826038980421,0.013801311186847085,0.14,False,0.04151739610195791
False,200029,2,7,0.5162259987377604,0.007505866250408015,0.62,False,0.10377400126223957
False,200029,4,1,0.7428146056677412,0.019069251784911846,0.26,False,0.48281460566774115
False,200030,0,22,0.1469008836585645,0.0042543562981151705,0.12,False,0.026900883658564495
False,200030,1,4,0.18903244194671878,0.009877295966495897,0.14,False,0.04903244194671877
False,200030,2,38,0.6123515359832409,0.0032401678450416724,0.62,False,0.007648464016759116
False,200030,3,2,0.23553564634289736,0.013801311186847085,0.06,False,0.17553564634289737
False,200030,4,2,0.416618017965728,0.013801311186847085,0.26,False,0.156618017965728
False,200031,0,5,0.08254084440608794,0.008856148855400953,0.12,False,0.03745915559391205
False,200031,1,1,0.15756408303555378,0.019069251784911846,0.14,True,0.017564083035553762
False,200031,2,5,0.45046733101887343,0.008856148855400953,0.62,False,0.16953266898112657
False,200031,4,1,0.9053101315776924,0.019069251784911846,0.26,False,0.6453101315776923
False,200032,0,185,0.12998435428397184,0.00147003199191934,0.12,False,0.009984354283971847
False,200032,1,10,0.14774559862408404,0.006293167755275526,0.14,True,0.007745598624084027
False,200032,2,16,0.48380975437706886,0.0049844478627922685,0.62,False,0.13619024562293114
False,200032,3,6,0.10957041704574912,0.00809776330178916,0.06,False,0.04957041704574912
False,200032,4,3,0.1290678342065002,0.011359236684941296,0.26,False,0.1309321657934998
False,200033,0,1,0.13615339853955646,0.019069251784911846,0.12,True,0.01615339853955647
False,200033,1,55,0.14085204514396035,0.0026943511520719616,0.14,True,0.0008520451439603394
False,200033,2,8,0.4611681051543101,0.007027283689263065,0.62,False,0.15883189484568988
False,200033,3,2,0.19802737231867806,0.013801311186847085,0.06,False,0.13802737231867807
False,200033,4,3,0.13241495248921634,0.011359236684941296,0.26,False,0.12758504751078367
False,200034,0,26,0.13517153756464606,0.0039148014634313565,0.12,False,0.015171537564646065
False,200034,1,148,0.1465262458791922,0.0016434347523647586,0.14,False,0.006526245879192177
False,200034,2,16,0.4801904175730947,0.0049844478627922685,0.62,False,0.13980958242690528
False,200034,3,3,0.2542178893993419,0.011359236684941296,0.06,False,0.19421788939934193
False,200034,4,7,0.19802094558544647,0.007505866250408015,0.26,False,0.061979054414553536
False,200035,0,20,0.17036356558329507,0.004460997367454705,0.12,False,0.05036356558329508
False,200035,1,2,0.23168303291061035,0.013801311186847085,0.14,False,0.09168303291061033
False,200035,2,75,0.6360353493880093,0.0023078630139327077,0.62,False,0.016035349388009323
False,200035,3,1,0.041755791716114286,0.019069251784911846,0.06,True,0.01824420828388571
False,200035,4,2,0.6245834967330336,0.013801311186847085,0.26,False,0.3645834967330336
False,200036,0,22,0.11630859535370759,0.0042543562981151705,0.12,True,0.003691404646292404
False,200036,2,3,0.5537767885805379,0.011359236684941296,0.62,False,0.06622321141946208
False,200037,0,21,0.10783194493256129,0.0043540034418410815,0.12,False,0.012168055067438704
False,200037,2,5,0.5187076070671774,0.008856148855400953,0.62,False,0.10129239293282255
False,200037,3,4,0.2651969401816928,0.009877295966495897,0.06,False,0.20519694018169282
False,200038,0,8,0.17553835005255417,0.007027283689263065,0.12,False,0.05553835005255417
False,200038,1,23,0.14376348480369833,0.004161251892882395,0.14,True,0.0037634848036983137
False,200038,2,55,0.6011107343474058,0.0026943511520719616,0.62,False,0.01888926565259419
False,200038,3,4,0.5109490288775709,0.009877295966495897,0.06,False,0.4509490288775709
False,200038,4,2,0.17752937096523158,0.013801311186847085,0.26,False,0.08247062903476843
False,200039,0,9,0.10413844397167776,0.006629935441317959,0.12,False,0.015861556028322232
False,200039,1,100,0.13889109121593132,0.0019990007493755463,0.14,True,0.0011089087840686906
False,200039,2,11,0.4399925982711834,0.006003002251876642,0.62,False,0.18000740172881657
False,200039,3,4,0.11791141095108418,0.009877295966495897,0.06,False,0.05791141095108418
False,200039,4,5,0.10591328279512822,0.008856148855400953,0.26,False,0.15408671720487177
True,200000,0,32,0.19165636052142956,0.007647961316192893,0.12,False,0.07165636052142957
True,200000,1,4,0.6021220847205947,0.03166311656095483,0.14,False,0.4621220847205947
True,200000,2,91,0.590534899079918,0.014425143747012717,0.62,False,0.029465100920082032
True,200000,3,6,0.3279654192606767,0.01111613204393029,0.06,False,0.2679654192606767
True,200001,0,39,0.13940784382260102,0.006936797941218855,0.12,False,0.019407843822601023
True,200001,1,1,0.15016176897989394,0.04784396625654424,0.14,True,0.010161768979893931
True,200001,2,8,0.3952013975605799,0.03920802749062252,0.62,False,0.22479860243942007
True,200001,4,2,0.21573075467532657,0.050286612029378855,0.26,True,0.04426924532467344
True,200002,0,4,0.1363508227362798,0.02060293029002796,0.12,True,0.016350822736279802
True,200002,1,102,0.13622563806754703,0.007196281211684837,0.14,True,0.00377436193245298
True,200002,2,5,0.3848510851888218,0.044707277277780184,0.62,False,0.23514891481117822
True,200002,3,4,0.2713520374932617,0.01351048374894283,0.06,False,0.2113520374932617
True,200002,4,9,0.17750222545192396,0.03324957557202713,0.26,False,0.08249777454807605
True,200003,2,3,0.5296906289197727,0.04998819026136159,0.62,True,0.0903093710802273
True,200003,3,1,0.6382573135028651,0.02534193572443327,0.06,False,0.578257313502865
True,200004,0,12,0.13742472363557337,0.012339607067981777,0.12,True,0.017424723635573375
True,200004,1,12,0.2097408830141482,0.020030627603103552,0.14,False,0.06974088301414819
True,200004,2,8,0.4589219147183002,0.03920802749062252,0.62,False,0.1610780852816998
True,200004,3,1,0.42852829892678485,0.02534193572443327,0.06,False,0.36852829892678485
True,200005,0,2,0.3990226804420611,0.027704022566541225,0.12,False,0.2790226804420611
True,200005,1,48,0.14893598629276242,0.010414721655333267,0.14,True,0.008935986292762405
True,200005,2,2,0.4023146461235301,0.05344262841549522,0.62,False,0.21768535387646992
True,200005,3,1,0.16339944543796378,0.02534193572443327,0.06,False,0.10339944543796378
True,200006,0,4,0.14142485841925276,0.02060293029002796,0.12,True,0.021424858419252762
True,200006,1,11,0.13622761329545938,0.02082656731585648,0.14,True,0.0037723867045406367
True,200006,2,9,0.5976032991701713,0.03778114718967577,0.62,True,0.022396700829828697
True,200007,0,186,0.12641302673811788,0.0031916059170533323,0.12,False,0.0064130267381178885
True,200007,1,8,0.17204449553458645,0.02393943216923862,0.14,True,0.03204449553458644
True,200007,2,14,0.4065771957776757,0.03242923191383738,0.62,False,0.2134228042223243
True,200007,3,9,0.0985848085954436,0.009123378744084386,0.06,False,0.038584808595443595
True,200007,4,5,0.21684491328809405,0.04036877063032665,0.26,True,0.04315508671190596
True,200008,0,4,0.10982240996775941,0.02060293029002796,0.12,True,0.010177590032240585
True,200008,1,11,0.18610747052769938,0.02082656731585648,0.14,False,0.04610747052769937
True,200008,2,20,0.589468464373295,0.028270025026747567,0.62,True,0.030531535626704964
True,200009,0,12,0.1603605914102558,0.012339607067981777,0.12,False,0.0403605914102558
True,200009,1,1,0.3994242773343542,0.04784396625654424,0.14,False,0.2594242773343542
True,200009,2,63,0.6053370907953052,0.01713985609608012,0.62,True,0.014662909204694818
True,200009,3,1,0.5407757138903052,0.02534193572443327,0.06,False,0.4807757138903052
True,200009,4,2,0.40380018801315076,0.050286612029378855,0.26,False,0.14380018801315075
True,200010,0,16,0.1368808607762997,0.010737628291753351,0.12,True,0.016880860776299716
True,200010,1,74,0.12980876127601354,0.008428129610187601,0.14,True,0.010191238723986473
True,200010,2,5,0.472737120595975,0.044707277277780184,0.62,False,0.147262879404025
True,200010,3,6,0.11189632465585479,0.01111613204393029,0.06,False,0.051896324655854795
True,200010,4,4,0.18537963439325195,0.04299706670747858,0.26,True,0.07462036560674806
True,200011,0,128,0.12404529418624748,0.003845123756498926,0.12,True,0.004045294186247481
True,200011,1,5,0.13919849128195638,0.02905802075764353,0.14,True,0.0008015087180436309
True,200011,2,3,0.4722382717468458,0.04998819026136159,0.62,False,0.1477617282531542
True,200011,3,5,0.05530509421943157,0.012139668310623762,0.06,True,0.0046949057805684286
True,200011,4,4,0.27764200971998015,0.04299706670747858,0.26,True,0.017642009719980145
True,200012,1,6,0.13219267404805643,0.027005530521357936,0.14,True,0.007807325951943583
True,200012,2,5,0.5513629716840651,0.044707277277780184,0.62,True,0.06863702831593488
True,200012,3,1,0.6167951622949529,0.02534193572443327,0.06,False,0.556795162294953
True,200013,0,30,0.12327345710442449,0.007894933211718707,0.12,True,0.0032734571044244903
True,200013,1,16,0.1116244855585051,0.01756871296869198,0.14,True,0.028375514441494915
True,200013,2,3,0.514302882100841,0.04998819026136159,0.62,False,0.10569711789915903
True,200013,3,1,0.15681316557411645,0.02534193572443327,0.06,False,0.09681316557411646
True,200013,4,2,0.2529965359612567,0.050286612029378855,0.26,True,0.007003464038743301
True,200014,0,15,0.10546591163556382,0.011079135028728773,0.12,True,0.014534088364436176
True,200014,1,10,0.16318412611930605,0.021725613235654726,0.14,True,0.023184126119306037
True,200014,2,2,0.5162889463239478,0.05344262841549522,0.62,True,0.10371105367605216
True,200014,3,1,0.19334317694154593,0.02534193572443327,0.06,False,0.13334317694154593
True,200014,4,1,0.24385206072570512,0.05566504597084943,0.26,True,0.016147939274294892
True,200015,0,238,0.12431176217577297,0.002822267072602206,0.12,True,0.004311762175772976
True,200015,1,18,0.1666038059043414,0.01663540995955557,0.14,True,0.026603805904341388
True,200015,2,18,0.45985012150236315,0.029473861165587995,0.62,False,0.16014987849763684
True,200015,3,10,0.13543861446947184,0.008664216419129867,0.06,False,0.07543861446947184
True,200015,4,3,0.2080826763541727,0.04621612909881259,0.26,True,0.051917323645827296
True,200016,0,16,0.11688138793342939,0.010737628291753351,0.12,True,0.003118612066570603
True,200016,1,2,0.31151151039989367,0.04004080554644994,0.14,False,0.17151151039989365
True,200016,2,8,0.4251475309671568,0.03920802749062252,0.62,False,0.1948524690328432
True,200016,3,2,0.07740909684859447,0.018685133104463177,0.06,True,0.01740909684859447
True,200016,4,4,0.25381053400043296,0.04299706670747858,0.26,True,0.006189465999567045
True,200017,0,16,0.1565130023940547,0.010737628291753351,0.12,False,0.036513002394054694
True,200017,1,1,0.39011988159719074,0.04784396625654424,0.14,False,0.25011988159719073
True,200017,2,35,0.624006235402034,0.02234836214970239,0.62,True,0.004006235402034042
True,200017,3,1,0.7182486355933871,0.02534193572443327,0.06,False,0.6582486355933872
True,200017,4,3,0.38127424533535786,0.04621612909881259,0.26,False,0.12127424533535786
True,200018,0,11,0.14439412942507565,0.012866056404886838,0.12,True,0.024394129425075656
True,200018,1,3,0.14884268042963686,0.03512362530547675,0.14,True,0.008842680429636846
True,200018,2,7,0.4953395545600807,0.04080983238041461,0.62,False,0.12466044543991928
True,200018,3,1,0.6003539375624314,0.02534193572443327,0.06,False,0.5403539375624313
True,200018,4,4,0.26699638020412225,0.04299706670747858,0.26,True,0.006996380204122243
True,200019,0,6,0.11230678569594982,0.017127885284754323,0.12,True,0.007693214304050178
True,200019,1,2,0.5032302046054413,0.04004080554644994,0.14,False,0.3632302046054413
True,200019,2,23,0.6092291121503707,0.026712302484075516,0.62,True,0.010770887849629318
True,200019,3,2,0.3756381816598275,0.018685133104463177,0.06,False,0.3156381816598275
True,200020,0,124,0.11808051612403332,0.003906416761967021,0.12,True,0.0019194838759666738
True,200020,1,3,0.2866856482293701,0.03512362530547675,0.14,False,0.14668564822937008
True,200020,2,6,0.47663124388436423,0.04262549635118808,0.62,False,0.14336875611563576
True,200020,3,4,0.052395584086159096,0.01351048374894283,0.06,True,0.007604415913840902
True,200020,4,2,0.2237600441974172,0.050286612029378855,0.26,True,0.036239955802582796
True,200021,0,16,0.17174290324754268,0.010737628291753351,0.12,False,0.05174290324754269
True,200021,1,242,0.1404827857958977,0.004689570128703813,0.14,True,0.00048278579589769444
True,200021,2,20,0.3472333440380416,0.028270025026747567,0.62,False,0.27276665596195837
True,200021,3,6,0.2257342210326586,0.01111613204393029,0.06,False,0.1657342210326586
True,200021,4,5,0.20878663524303168,0.04036877063032665,0.26,True,0.05121336475696833
True,200022,0,19,0.11449989253041767,0.009876022926042267,0.12,True,0.0055001074695823216
True,200022,2,12,0.5493535681024999,0.03428447207347255,0.62,False,0.07064643189750008
True,200022,3,2,0.346673789431642,0.018685133104463177,0.06,False,0.286673789431642
True,200022,4,3,0.34950469098765946,0.04621612909881259,0.26,True,0.08950469098765945
True,200023,0,220,0.12332586041492316,0.0029352146833155485,0.12,True,0.003325860414923165
True,200023,1,2,0.1255043595908657,0.04004080554644994,0.14,True,0.014495640409134314
True,200023,2,12,0.46222109092448155,0.03428447207347255,0.62,False,0.15777890907551845
True,200023,3,4,0.07180716946405105,0.01351048374894283,0.06,True,0.011807169464051054
True,200023,4,7,0.24413311788150086,0.03629562783565565,0.26,True,0.015866882118499154
True,200024,0,202,0.1254240457211811,0.0030629073083098105,0.12,True,0.005424045721181103
True,200024,1,3,0.1595714535049923,0.03512362530547675,0.14,True,0.019571453504992287
True,200024,2,14,0.4067721067056965,0.03242923191383738,0.62,False,0.21322789329430347
True,200024,3,9,0.12448410582971885,0.009123378744084386,0.06,False,0.06448410582971885
True,200024,4,9,0.1789437016303542,0.03324957557202713,0.26,False,0.08105629836964581
True,200025,0,18,0.10895840681632547,0.010139783326353983,0.12,True,0.011041593183674522
True,200025,1,12,0.13567475356366399,0.020030627603103552,0.14,True,0.004325246436336028
True,200025,2,15,0.5340814167859972,0.03160784362262902,0.62,False,0.08591858321400281
True,200025,3,1,0.5101660201950949,0.02534193572443327,0.06,False,0.45016602019509494
True,200026,1,11,0.1435212418628804,0.02082656731585648,0.14,True,0.0035212418628803865
True,200026,2,6,0.5798699114460112,0.04262549635118808,0.62,True,0.04013008855398881
True,200026,4,1,0.2618592857467518,0.05566504597084943,0.26,True,0.0018592857467518153
True,200027,0,4,0.11524298329491618,0.02060293029002796,0.12,True,0.004757016705083814
True,200027,1,1,0.3544627473066742,0.04784396625654424,0.14,False,0.2144627473066742
True,200027,2,6,0.5606463418479557,0.04262549635118808,0.62,True,0.0593536581520443
True,200027,3,2,0.36186398417184695,0.018685133104463177,0.06,False,0.30186398417184696
True,200027,4,1,0.3256578470322239,0.05566504597084943,0.26,True,0.06565784703222388
True,200028,0,24,0.11766957308806832,0.008809660789670817,0.12,True,0.0023304269119316795
True,200028,1,1,0.13908461715441858,0.04784396625654424,0.14,True,0.0009153828455814306
True,200028,2,17,0.6512310959944203,0.030136465280057208,0.62,True,0.03123109599442031
True,200028,3,6,0.0982136227780073,0.01111613204393029,0.06,False,0.0382136227780073
True,200029,0,10,0.12840629551176302,0.01346619840915939,0.12,True,0.008406295511763029
True,200029,1,2,0.1292705165564401,0.04004080554644994,0.14,True,0.010729483443559923
True,200029,2,7,0.4786102166462556,0.04080983238041461,0.62,False,0.1413897833537444
True,200029,4,1,0.4043439826911861,0.05566504597084943,0.26,False,0.1443439826911861
True,200030,0,22,0.14579726895281903,0.00919328630775006,0.12,False,0.02579726895281903
True,200030,1,4,0.18728582519302084,0.03166311656095483,0.14,True,0.047285825193020825
True,200030,2,38,0.5909167036107215,0.021554556159675033,0.62,True,0.029083296389278535
True,200030,3,2,0.22734685655473888,0.018685133104463177,0.06,False,0.16734685655473888
True,200030,4,2,0.34061241607361886,0.050286612029378855,0.26,True,0.08061241607361885
True,200031,0,5,0.08241724996502045,0.018626546412740586,0.12,False,0.037582750034979545
True,200031,1,1,0.1702382791041091,0.04784396625654424,0.14,True,0.03023827910410909
True,200031,2,5,0.4375242850147556,0.044707277277780184,0.62,False,0.1824757149852444
True,200031,4,1,0.4446243048656179,0.05566504597084943,0.26,False,0.18462430486561787
True,200032,0,5,0.12837811524260487,0.018626546412740586,0.12,True,0.008378115242604872
True,200032,1,4,0.3684517925425998,0.03166311656095483,0.14,False,0.22845179254259979
True,200032,2,7,0.518878555350979,0.04080983238041461,0.62,False,0.10112144464902095
True,200032,3,1,0.09677918869872094,0.02534193572443327,0.06,True,0.03677918869872095
True,200032,4,2,0.27380093383531484,0.050286612029378855,0.26,True,0.013800933835314833
True,200033,0,1,0.1220676958301525,0.03588739120448211,0.12,True,0.0020676958301525106
True,200033,1,86,0.14782933854257005,0.007827743362766015,0.14,True,0.007829338542570036
True,200033,2,9,0.45187888427022954,0.03778114718967577,0.62,False,0.16812111572977045
True,200033,3,1,0.1747924306139544,0.02534193572443327,0.06,False,0.11479243061395442
True,200033,4,3,0.2054303149236298,0.04621612909881259,0.26,True,0.05456968507637022
True,200034,0,19,0.1933057049948521,0.009876022926042267,0.12,False,0.07330570499485212
True,200034,1,135,0.13723559455689002,0.006265123400513788,0.14,True,0.0027644054431099907
True,200034,2,9,0.4433506949305208,0.03778114718967577,0.62,False,0.17664930506947918
True,200034,3,3,0.2692295098276528,0.015483248690817096,0.06,False,0.20922950982765282
True,200034,4,6,0.2603700453773139,0.038170162794981435,0.26,True,0.00037004537731388787
True,200035,0,20,0.16872257074765343,0.009631829784345926,0.12,False,0.04872257074765343
True,200035,1,2,0.2130725869720494,0.04004080554644994,0.14,True,0.07307258697204938
True,200035,2,75,0.6230660222940307,0.015802056841086206,0.62,True,0.0030660222940307458
True,200035,3,1,0.041538186562658036,0.02534193572443327,0.06,True,0.018461813437341962
True,200035,4,2,0.4209296969285342,0.050286612029378855,0.26,False,0.1609296969285342
True,200036,0,21,0.09891742574192959,0.009404898351277977,0.12,False,0.021082574258070405
True,200036,1,1,0.17529365615320536,0.04784396625654424,0.14,True,0.035293656153205344
True,200036,2,9,0.498098839820907,0.03778114718967577,0.62,False,0.12190116017909297
True,200037,0,21,0.10735894319822598,0.009404898351277977,0.12,True,0.01264105680177402
True,200037,2,5,0.47234874023556356,0.044707277277780184,0.62,False,0.14765125976443644
True,200037,3,4,0.26026985584390605,0.01351048374894283,0.06,False,0.20026985584390605
True,200038,0,8,0.17134488877206114,0.014971068081095135,0.12,False,0.05134488877206114
True,200038,1,23,0.14568288494674747,0.014828477276465152,0.14,True,0.005682884946747457
True,200038,2,55,0.5866666575337659,0.01824688278004606,0.62,True,0.033333342466234095
True,200038,3,4,0.5006709078163988,0.01351048374894283,0.06,False,0.4406709078163988
True,200038,4,2,0.24827521605280714,0.050286612029378855,0.26,True,0.011724783947192868
True,200039,0,9,0.10321251576759137,0.014159003531635333,0.12,True,0.016787484232408625
True,200039,1,100,0.13941158308378965,0.007266947000709875,0.14,True,0.0005884169162103658
True,200039,2,11,0.43511013193172,0.03534003387607415,0.62,False,0.18488986806828
True,200039,3,4,0.11619134015250511,0.01351048374894283,0.06,False,0.05619134015250511
True,200039,4,5,0.17983342252708834,0.04036877063032665,0.26,False,0.08016657747291167
