final_coverage,steps_taken,rovers_alive,n_rovers,energy_used,coverage_per_energy,algorithm,seed,terrain_size,max_steps,comm_radius,failure_rate
0.6051948051948052,250,4,4,395.8402000000011,0.0015288866699107455,frontier,0,48,250,6,0.0
0.7995769434161819,250,4,4,395.1124000000013,0.0020236695771030707,frontier,1,48,250,6,0.0
0.6620727673649394,250,4,4,395.8698000000012,0.001672450809243184,frontier,2,48,250,6,0.0
0.6302816901408451,250,4,4,394.51460000000117,0.0015976130924960528,frontier,3,48,250,6,0.0
0.8374164810690423,250,4,4,394.3490000000012,0.0021235415357184623,frontier,4,48,250,6,0.0
0.6272,250,4,4,394.9704000000013,0.0015879670982939429,frontier,5,48,250,6,0.0
0.8720355731225297,250,4,4,395.6506000000014,0.0022040547218240706,frontier,6,48,250,6,0.0
0.894962486602358,250,4,4,395.5266000000012,0.0022627112477450447,frontier,7,48,250,6,0.0
0.6051948051948052,250,3,4,449.2402000000012,0.0013471519360796374,frontier,0,48,250,6,0.25
0.7995769434161819,250,3,4,447.5124000000014,0.001786714610402258,frontier,1,48,250,6,0.25
0.6620727673649394,250,3,4,449.2698000000013,0.001473664081950172,frontier,2,48,250,6,0.25
0.5895372233400402,250,3,4,447.8436000000013,0.001316390863551558,frontier,3,48,250,6,0.25
0.8374164810690423,250,3,4,450.8260000000013,0.001857515939783952,frontier,4,48,250,6,0.25
0.6272,250,3,4,447.3704000000014,0.0014019702689315118,frontier,5,48,250,6,0.25
0.8720355731225297,250,3,4,454.0506000000015,0.0019205691460875214,frontier,6,48,250,6,0.25
0.7213290460878885,250,3,4,449.02720000000136,0.001606426172151456,frontier,7,48,250,6,0.25
0.6057142857142858,250,4,4,394.2306000000012,0.0015364466525791857,frontier,0,48,250,16,0.0
0.6927551560021152,250,4,4,395.57980000000134,0.0017512399672635279,frontier,1,48,250,16,0.0
0.6697905181918412,250,4,4,395.8698000000012,0.0016919464889512642,frontier,2,48,250,16,0.0
0.5759557344064387,250,4,4,394.85780000000113,0.001458640894029286,frontier,3,48,250,16,0.0
0.6893095768374164,250,4,4,394.45560000000125,0.0017474959839267443,frontier,4,48,250,16,0.0
0.6288,250,4,4,394.840200000001,0.0015925430085386401,frontier,5,48,250,16,0.0
0.8814229249011858,250,4,4,394.46120000000144,0.0022344984117606053,frontier,6,48,250,16,0.0
0.6966773847802786,250,4,4,395.01180000000113,0.0017636875272593797,frontier,7,48,250,16,0.0
0.6057142857142858,250,3,4,447.63060000000127,0.001353156566406059,frontier,0,48,250,16,0.25
0.6927551560021152,250,3,4,447.97980000000143,0.0015463981992092344,frontier,1,48,250,16,0.25
0.6697905181918412,250,3,4,449.2698000000013,0.0014908425142127054,frontier,2,48,250,16,0.25
0.5759557344064387,250,3,4,448.2578000000012,0.001284876101222192,frontier,3,48,250,16,0.25
0.6893095768374164,250,3,4,446.85560000000135,0.0015425779084729258,frontier,4,48,250,16,0.25
0.6288,250,3,4,451.2402000000011,0.0013934928669919002,frontier,5,48,250,16,0.25
0.7732213438735178,250,3,4,449.3938000000015,0.0017205874755582193,frontier,6,48,250,16,0.25
0.6730975348338692,250,3,4,448.75500000000125,0.0014999220840633918,frontier,7,48,250,16,0.25
0.6057142857142858,250,4,4,394.2306000000012,0.0015364466525791857,frontier,0,48,250,40,0.0
0.4997355896351137,250,4,4,394.9704000000013,0.0012652482050176724,frontier,1,48,250,40,0.0
0.6719955898566703,250,4,4,395.42600000000107,0.001699421863652538,frontier,2,48,250,40,0.0
0.6287726358148893,250,4,4,394.1654000000012,0.0015951999739573471,frontier,3,48,250,40,0.0
0.6893095768374164,250,4,4,394.45560000000125,0.0017474959839267443,frontier,4,48,250,40,0.0
0.6288,250,4,4,394.840200000001,0.0015925430085386401,frontier,5,48,250,40,0.0
0.8641304347826086,250,4,4,394.30160000000126,0.0021915468635750044,frontier,6,48,250,40,0.0
0.6966773847802786,250,4,4,394.59760000000114,0.001765538829380302,frontier,7,48,250,40,0.0
0.6057142857142858,250,3,4,447.63060000000127,0.001353156566406059,frontier,0,48,250,40,0.25
0.4997355896351137,250,3,4,447.3704000000014,0.0011170510825819326,frontier,1,48,250,40,0.25
0.6719955898566703,250,3,4,448.82600000000116,0.0014972296387835565,frontier,2,48,250,40,0.25
0.6182092555331992,250,3,4,448.6720000000013,0.0013778645770923914,frontier,3,48,250,40,0.25
0.6893095768374164,250,3,4,446.85560000000135,0.0015425779084729258,frontier,4,48,250,40,0.25
0.6288,250,3,4,451.2402000000011,0.0013934928669919002,frontier,5,48,250,40,0.25
0.8325098814229249,250,3,4,449.4590000000013,0.0018522487733540155,frontier,6,48,250,40,0.25
0.6730975348338692,250,3,4,448.3408000000012,0.0015013077882581006,frontier,7,48,250,40,0.25
0.8275324675324676,250,4,4,396.0232000000003,0.0020896060320013243,potential_field,0,48,250,6,0.0
0.8164992067689053,250,4,4,394.78640000000047,0.0020682050009040442,potential_field,1,48,250,6,0.0
0.7552370452039692,250,4,4,395.62080000000054,0.0019089922602754156,potential_field,2,48,250,6,0.0
0.42857142857142855,250,4,4,396.2302000000003,0.0010816223209927668,potential_field,3,48,250,6,0.0
0.4615812917594655,250,4,4,395.66240000000045,0.00116660388189392,potential_field,4,48,250,6,0.0
0.18346666666666667,250,4,4,394.2126000000005,0.0004654003110673439,potential_field,5,48,250,6,0.0
0.7618577075098815,250,4,4,395.7038,0.001925323202632579,potential_field,6,48,250,6,0.0
0.8188638799571275,250,4,4,393.98780000000045,0.002078399077223017,potential_field,7,48,250,6,0.0
0.8275324675324676,250,3,4,464.71320000000037,0.0017807380283849628,potential_field,0,48,250,6,0.25
0.6589106292966684,250,3,4,453.0444000000005,0.0014544062994635133,potential_field,1,48,250,6,0.25
0.7552370452039692,250,3,4,480.9262000000005,0.0015703803311276623,potential_field,2,48,250,6,0.25
0.42706237424547283,250,3,4,479.0030000000003,0.000891565134760059,potential_field,3,48,250,6,0.25
0.4615812917594655,250,3,4,485.21040000000045,0.0009513013153870261,potential_field,4,48,250,6,0.25
0.18346666666666667,250,3,4,447.6126000000006,0.00040987824441641367,potential_field,5,48,250,6,0.25
0.7618577075098815,250,3,4,496.56540000000007,0.0015342545161420456,potential_field,6,48,250,6,0.25
0.8183279742765274,250,3,4,476.2044000000004,0.001718438498839,potential_field,7,48,250,6,0.25
0.4841558441558442,250,4,4,394.9640000000004,0.0012258227184144472,potential_field,0,48,250,16,0.0
0.4188260179799048,250,4,4,396.46700000000016,0.0010563956596132962,potential_field,1,48,250,16,0.0
0.47078280044101434,250,4,4,394.57340000000045,0.0011931437862790898,potential_field,2,48,250,16,0.0
0.7203219315895373,250,4,4,395.7630000000004,0.0018200840694798063,potential_field,3,48,250,16,0.0
0.3724944320712695,250,4,4,394.9996000000006,0.0009430248336232971,potential_field,4,48,250,16,0.0
0.4090666666666667,250,4,4,395.6562000000003,0.0010338942411787465,potential_field,5,48,250,16,0.0
0.857707509881423,250,4,4,395.94020000000035,0.0021662551816699145,potential_field,6,48,250,16,0.0
0.4683815648445874,250,4,4,393.23000000000025,0.0011911135082384027,potential_field,7,48,250,16,0.0
0.4841558441558442,250,3,4,448.3640000000005,0.0010798276493113712,potential_field,0,48,250,16,0.25
0.4188260179799048,250,3,4,495.91440000000017,0.0008445530478241904,potential_field,1,48,250,16,0.25
0.47078280044101434,250,3,4,493.1036000000005,0.0009547340567803883,potential_field,2,48,250,16,0.25
0.7203219315895373,250,3,4,476.8258000000004,0.0015106605632277798,potential_field,3,48,250,16,0.25
0.3724944320712695,250,3,4,451.3996000000007,0.0008251988527931104,potential_field,4,48,250,16,0.25
0.4090666666666667,250,3,4,489.4468000000003,0.0008357735032013009,potential_field,5,48,250,16,0.25
0.857707509881423,250,3,4,475.58880000000033,0.0018034644841960583,potential_field,6,48,250,16,0.25
0.4683815648445874,250,3,4,488.4348000000002,0.0009589438853345158,potential_field,7,48,250,16,0.25
0.4841558441558442,250,4,4,394.9640000000004,0.0012258227184144472,potential_field,0,48,250,40,0.0
0.4188260179799048,250,4,4,396.46700000000016,0.0010563956596132962,potential_field,1,48,250,40,0.0
0.47078280044101434,250,4,4,394.57340000000045,0.0011931437862790898,potential_field,2,48,250,40,0.0
0.7203219315895373,250,4,4,395.7630000000004,0.0018200840694798063,potential_field,3,48,250,40,0.0
0.3724944320712695,250,4,4,394.9996000000006,0.0009430248336232971,potential_field,4,48,250,40,0.0
0.4090666666666667,250,4,4,395.6562000000003,0.0010338942411787465,potential_field,5,48,250,40,0.0
0.8982213438735178,250,4,4,395.36040000000037,0.002271905187958928,potential_field,6,48,250,40,0.0
0.4683815648445874,250,4,4,393.23000000000025,0.0011911135082384027,potential_field,7,48,250,40,0.0
0.4841558441558442,250,3,4,448.3640000000005,0.0010798276493113712,potential_field,0,48,250,40,0.25
0.4188260179799048,250,3,4,495.91440000000017,0.0008445530478241904,potential_field,1,48,250,40,0.25
0.47078280044101434,250,3,4,493.1036000000005,0.0009547340567803883,potential_field,2,48,250,40,0.25
0.7203219315895373,250,3,4,476.8258000000004,0.0015106605632277798,potential_field,3,48,250,40,0.25
0.3724944320712695,250,3,4,451.3996000000007,0.0008251988527931104,potential_field,4,48,250,40,0.25
0.4090666666666667,250,3,4,489.4468000000003,0.0008357735032013009,potential_field,5,48,250,40,0.25
0.8982213438735178,250,3,4,475.0090000000004,0.0018909564742426292,potential_field,6,48,250,40,0.25
0.4683815648445874,250,3,4,488.4348000000002,0.0009589438853345158,potential_field,7,48,250,40,0.25
0.2888311688311688,250,4,4,394.8516000000012,0.0007314929680699481,pheromone,0,48,250,6,0.0
0.6240084611316764,250,4,4,394.1592000000006,0.0015831381358894462,pheromone,1,48,250,6,0.0
0.860529217199559,250,4,4,395.94080000000133,0.002173378487894039,pheromone,2,48,250,6,0.0
0.26006036217303824,250,4,4,396.502600000001,0.0006558856415393937,pheromone,3,48,250,6,0.0
0.7076837416481069,250,4,4,395.1124000000013,0.0017910947407575783,pheromone,4,48,250,6,0.0
0.6981333333333334,250,4,4,396.425800000001,0.0017610693686771436,pheromone,5,48,250,6,0.0
0.83399209486166,250,4,4,396.01180000000136,0.002105977889703431,pheromone,6,48,250,6,0.0
0.7743837084673098,250,4,4,396.18340000000126,0.0019546091746077882,pheromone,7,48,250,6,0.0
0.2888311688311688,250,3,4,477.3286000000012,0.0006050992310772246,pheromone,0,48,250,6,0.25
0.6240084611316764,250,3,4,470.9794000000006,0.0013249166760407687,pheromone,1,48,250,6,0.25
0.860529217199559,250,3,4,447.68400000000145,0.0019221799689056482,pheromone,2,48,250,6,0.25
0.26006036217303824,250,3,4,480.393800000001,0.000541348290034213,pheromone,3,48,250,6,0.25
0.7076837416481069,250,3,4,449.02720000000136,0.0015760375800132034,pheromone,4,48,250,6,0.25
0.6981333333333334,250,3,4,451.16900000000106,0.0015473876381873128,pheromone,5,48,250,6,0.25
0.6442687747035574,250,3,4,447.92660000000143,0.0014383355994119467,pheromone,6,48,250,6,0.25
0.7743837084673098,250,3,4,448.75500000000136,0.0017256269199614654,pheromone,7,48,250,6,0.25
0.6909090909090909,250,4,4,394.6742000000012,0.0017505808358111294,pheromone,0,48,250,16,0.0
0.8281332628239026,250,4,4,394.5734000000007,0.0020988066170296864,pheromone,1,48,250,16,0.0
0.8880926130099228,250,4,4,394.69820000000135,0.0022500548849980055,pheromone,2,48,250,16,0.0
0.4381287726358149,250,4,4,396.3014000000009,0.001105544347397748,pheromone,3,48,250,16,0.0
0.7288418708240535,250,4,4,395.6212000000013,0.0018422720289611655,pheromone,4,48,250,16,0.0
0.6688,250,4,4,394.37840000000097,0.0016958332403600154,pheromone,5,48,250,16,0.0
0.9604743083003953,250,4,4,395.45560000000125,0.002428779130452046,pheromone,6,48,250,16,0.0
0.7743837084673098,250,4,4,395.1124000000013,0.001959907379437616,pheromone,7,48,250,16,0.0
0.6909090909090909,250,3,4,477.15120000000115,0.001447987746670425,pheromone,0,48,250,16,0.25
0.8281332628239026,250,3,4,471.3936000000007,0.0017567766359659984,pheromone,1,48,250,16,0.25
0.8880926130099228,250,3,4,446.6130000000014,0.0019885059615593814,pheromone,2,48,250,16,0.25
0.3656941649899396,250,3,4,450.044600000001,0.0008125731649484047,pheromone,3,48,250,16,0.25
0.7260579064587973,250,3,4,450.1928000000014,0.0016127710315642432,pheromone,4,48,250,16,0.25
0.6688,250,3,4,450.08020000000107,0.001485957391593761,pheromone,5,48,250,16,0.25
0.7628458498023716,250,3,4,448.19880000000137,0.0017020256408593001,pheromone,6,48,250,16,0.25
0.7743837084673098,250,3,4,447.5124000000014,0.00173041843861155,pheromone,7,48,250,16,0.25
0.6909090909090909,250,4,4,394.6742000000012,0.0017505808358111294,pheromone,0,48,250,40,0.0
0.8281332628239026,250,4,4,394.5734000000007,0.0020988066170296864,pheromone,1,48,250,40,0.0
0.8947078280044102,250,4,4,396.1420000000013,0.0022585533167510823,pheromone,2,48,250,40,0.0
0.4381287726358149,250,4,4,396.3014000000009,0.001105544347397748,pheromone,3,48,250,40,0.0
0.7288418708240535,250,4,4,395.6212000000013,0.0018422720289611655,pheromone,4,48,250,40,0.0
0.7098666666666666,250,4,4,396.84000000000094,0.0017887981722272577,pheromone,5,48,250,40,0.0
0.8433794466403162,250,4,4,395.1124000000013,0.0021345304440972073,pheromone,6,48,250,40,0.0
0.7743837084673098,250,4,4,395.1124000000013,0.001959907379437616,pheromone,7,48,250,40,0.0
0.6909090909090909,250,3,4,477.15120000000115,0.001447987746670425,pheromone,0,48,250,40,0.25
0.8281332628239026,250,3,4,471.3936000000007,0.0017567766359659984,pheromone,1,48,250,40,0.25
0.8947078280044102,250,3,4,448.5420000000014,0.001994702453737682,pheromone,2,48,250,40,0.25
0.3656941649899396,250,3,4,450.044600000001,0.0008125731649484047,pheromone,3,48,250,40,0.25
0.7260579064587973,250,3,4,450.1928000000014,0.0016127710315642432,pheromone,4,48,250,40,0.25
0.6965333333333333,250,3,4,450.75480000000107,0.0015452599358527779,pheromone,5,48,250,40,0.25
0.7628458498023716,250,3,4,448.19880000000137,0.0017020256408593001,pheromone,6,48,250,40,0.25
0.7743837084673098,250,3,4,447.5124000000014,0.00173041843861155,pheromone,7,48,250,40,0.25
