condition,planner,seed,termination,success,science_return,science_possible,energy_spent,steps
mars_comm_delay,adaptive_risk_aware_astar,400004,success,True,0.0,10.342360460905567,369.10344699617997,194
mars_comm_delay,adaptive_risk_aware_astar,400005,success,True,0.0,9.623904321875369,569.6378001448778,414
mars_comm_delay,adaptive_risk_aware_astar,400006,energy_exhausted,False,2.660266403645624,9.130953200747532,383.2623625942644,34
mars_comm_delay,adaptive_risk_aware_astar,400007,energy_exhausted,False,0.0,10.037456096628219,359.3126118695271,31
mars_comm_delay,adaptive_risk_aware_astar,400008,energy_exhausted,False,2.2481687817824647,8.885444925719812,433.3183925721266,40
mars_comm_delay,adaptive_risk_aware_astar,400009,energy_exhausted,False,0.0,10.375277040139736,433.7654339881288,27
mars_comm_delay,adaptive_risk_aware_astar,400010,energy_exhausted,False,1.8158144339910596,10.41206692211277,446.5772381732705,37
mars_comm_delay,adaptive_risk_aware_astar,400011,energy_exhausted,False,0.0,9.044600831464807,449.6753171965415,45
mars_comm_delay,adaptive_risk_aware_astar,400012,success,True,2.065511083809088,9.399408209832723,261.21643570834465,112
mars_comm_delay,adaptive_risk_aware_astar,400013,energy_exhausted,False,0.0,11.422294659534387,414.5198492552307,29
mars_comm_delay,adaptive_risk_aware_astar,400014,energy_exhausted,False,2.4472873995289284,10.17582267325629,442.071525205923,35
mars_comm_delay,adaptive_risk_aware_astar,400015,energy_exhausted,False,2.6878019553130885,12.083069141602065,357.68732489385127,25
mars_comm_delay,adaptive_risk_aware_astar,400016,success,True,0.0,12.058914380674398,158.6620451572338,34
mars_comm_delay,adaptive_risk_aware_astar,400017,energy_exhausted,False,2.015181804021767,10.377593705823667,419.8026416659087,39
mars_comm_delay,adaptive_risk_aware_astar,400018,success,True,1.494875937372436,9.300711949766486,301.7399709380162,142
mars_comm_delay,adaptive_risk_aware_astar,400019,timeout,False,6.74384711050638,10.403107865331462,959.4272920313819,800
mars_comm_delay,adaptive_risk_aware_astar,400020,success,True,0.0,7.490868008358168,224.57186883745683,92
mars_comm_delay,adaptive_risk_aware_astar,400021,energy_exhausted,False,1.1838366797759214,8.656699591862557,475.17643376420267,58
mars_comm_delay,adaptive_risk_aware_astar,400022,energy_exhausted,False,0.0,10.050554038465963,444.6001910228054,30
mars_comm_delay,adaptive_risk_aware_astar,400023,success,True,0.0,9.312488982340422,199.36628021994503,60
mars_comm_delay,adaptive_risk_aware_astar,400024,success,True,2.5541636147658195,8.945433533721532,307.7261532239886,182
mars_comm_delay,adaptive_risk_aware_astar,400025,success,True,1.187697045456624,6.504449313092817,646.9684719596393,448
mars_comm_delay,adaptive_risk_aware_astar,400026,energy_exhausted,False,2.908728450954972,12.919125223882055,448.1705223108596,34
mars_comm_delay,adaptive_risk_aware_astar,400027,energy_exhausted,False,0.0,10.052784418734847,774.997484643906,362
mars_comm_delay,adaptive_risk_aware_astar,400028,energy_exhausted,False,2.85670826955898,11.175818835571611,842.1855241449182,404
mars_comm_delay,adaptive_risk_aware_astar,400029,timeout,False,1.9269961299693577,7.772974148827593,919.095814754653,800
mars_comm_delay,adaptive_risk_aware_astar,400030,success,True,0.0,9.716785046362691,411.5508049714869,244
mars_comm_delay,adaptive_risk_aware_astar,400031,immobilized,False,2.6760108965509426,12.854598146362186,367.64736433174403,30
mars_comm_delay,adaptive_risk_aware_astar,400032,success,True,0.0,10.281575833388214,406.16114523115215,264
mars_comm_delay,adaptive_risk_aware_astar,400033,success,True,1.236935143682114,8.442189452281752,290.0189536521167,160
mars_comm_delay,adaptive_risk_aware_astar,400034,success,True,0.0,12.717881015155145,206.87194077348494,62
mars_comm_delay,adaptive_risk_aware_astar,400035,energy_exhausted,False,0.0,8.869218248335546,396.0866963836768,29
mars_comm_delay,adaptive_risk_aware_astar,400036,energy_exhausted,False,7.821862778244176,12.205281884196726,621.192529012442,218
mars_comm_delay,adaptive_risk_aware_astar,400037,energy_exhausted,False,0.0,10.849583089372857,404.0855327568337,23
mars_comm_delay,adaptive_risk_aware_astar,400038,timeout,False,2.3560180656126475,12.89455164165896,965.5955183329249,800
mars_comm_delay,adaptive_risk_aware_astar,400039,success,True,1.7648669781534534,8.546839348498514,557.7660841462132,426
mars_comm_delay,adaptive_risk_aware_astar,400040,success,True,2.643272406132337,8.82589080977645,717.5890636559596,545
mars_comm_delay,adaptive_risk_aware_astar,400041,success,True,0.0,11.03122399243434,114.69691175606324,25
mars_comm_delay,adaptive_risk_aware_astar,400042,immobilized,False,2.6825081225760576,11.069701112431636,365.6172967285918,151
mars_comm_delay,adaptive_risk_aware_astar,400043,energy_exhausted,False,6.752207558224436,10.627744261056389,689.5941443085948,261
mars_comm_delay,adaptive_risk_aware_astar,400044,success,True,0.0,8.878812952777938,498.510676297408,346
mars_comm_delay,adaptive_risk_aware_astar,400045,energy_exhausted,False,2.571866994183246,12.070486997534495,906.8468101289058,618
mars_comm_delay,adaptive_risk_aware_astar,400046,success,True,1.0759328114998117,9.241608205169689,355.7755994226929,208
mars_comm_delay,adaptive_risk_aware_astar,400047,success,True,0.0,9.665149970503345,819.4950942951887,557
mars_comm_delay,adaptive_risk_aware_astar,400048,success,True,0.0,8.369900996280546,343.07810017307185,200
mars_comm_delay,adaptive_risk_aware_astar,400049,success,True,2.4809861891598297,10.408582726408738,259.47671469981503,124
mars_comm_delay,adaptive_risk_aware_astar,400050,energy_exhausted,False,2.544867230415451,9.016487812813203,683.2715920921422,275
mars_comm_delay,adaptive_risk_aware_astar,400051,energy_exhausted,False,1.9844359736195682,9.000460904000539,907.045794026495,522
mars_comm_delay,adaptive_risk_aware_astar,400052,energy_exhausted,False,1.3025252648500094,10.4968674484105,482.4724070392677,70
mars_comm_delay,adaptive_risk_aware_astar,400053,success,True,2.8428104718997353,8.94485504185127,310.99517272495524,178
mars_comm_delay,astar,400004,success,True,0.0,10.342360460905567,463.9720505662576,260
mars_comm_delay,astar,400005,success,True,0.0,9.623904321875369,278.61917286721354,134
mars_comm_delay,astar,400006,success,True,2.660266403645624,9.130953200747532,378.475534255767,242
mars_comm_delay,astar,400007,energy_exhausted,False,0.0,10.037456096628219,381.61383697728513,32
mars_comm_delay,astar,400008,energy_exhausted,False,0.0,8.885444925719812,418.00563013468445,20
mars_comm_delay,astar,400009,energy_exhausted,False,1.853705666136612,10.375277040139736,345.18709492432,26
mars_comm_delay,astar,400010,success,True,1.8158144339910596,10.41206692211277,340.054117269755,184
mars_comm_delay,astar,400011,energy_exhausted,False,0.0,9.044600831464807,345.9985528290986,16
mars_comm_delay,astar,400012,energy_exhausted,False,2.065511083809088,9.399408209832723,426.69413567470286,28
mars_comm_delay,astar,400013,timeout,False,0.0,11.422294659534387,1081.5600466788749,800
mars_comm_delay,astar,400014,energy_exhausted,False,2.4472873995289284,10.17582267325629,389.43775560427264,23
mars_comm_delay,astar,400015,energy_exhausted,False,0.0,12.083069141602065,416.45476998943127,13
mars_comm_delay,astar,400016,success,True,0.0,12.058914380674398,138.88235586796182,32
mars_comm_delay,astar,400017,energy_exhausted,False,0.0,10.377593705823667,372.6468203046265,24
mars_comm_delay,astar,400018,success,True,1.494875937372436,9.300711949766486,1023.3045898804047,774
mars_comm_delay,astar,400019,energy_exhausted,False,2.4782920855920345,10.403107865331462,459.722881868679,153
mars_comm_delay,astar,400020,success,True,1.6689129305107204,7.490868008358168,302.0568226700051,148
mars_comm_delay,astar,400021,energy_exhausted,False,0.0,8.656699591862557,399.28435878945356,31
mars_comm_delay,astar,400022,success,True,1.274123461933285,10.050554038465963,754.6320932268683,548
mars_comm_delay,astar,400023,success,True,0.0,9.312488982340422,175.76589402850274,36
mars_comm_delay,astar,400024,success,True,0.0,8.945433533721532,290.7904734860046,164
mars_comm_delay,astar,400025,success,True,1.187697045456624,6.504449313092817,658.4072926257426,476
mars_comm_delay,astar,400026,success,True,2.908728450954972,12.919125223882055,480.7948882010247,334
mars_comm_delay,astar,400027,success,True,0.0,10.052784418734847,425.6462980623342,270
mars_comm_delay,astar,400028,energy_exhausted,False,0.0,11.175818835571611,410.7050994170121,20
mars_comm_delay,astar,400029,energy_exhausted,False,1.9269961299693577,7.772974148827593,420.7580210762942,26
mars_comm_delay,astar,400030,success,True,0.0,9.716785046362691,279.26143620127993,144
mars_comm_delay,astar,400031,energy_exhausted,False,2.674855726775574,12.854598146362186,363.32321894859615,29
mars_comm_delay,astar,400032,energy_exhausted,False,2.6622491917741566,10.281575833388214,422.55473463947635,27
mars_comm_delay,astar,400033,success,True,1.236935143682114,8.442189452281752,160.8643218557171,47
mars_comm_delay,astar,400034,energy_exhausted,False,0.0,12.717881015155145,654.0703254981768,247
mars_comm_delay,astar,400035,energy_exhausted,False,0.0,8.869218248335546,434.64131435668577,26
mars_comm_delay,astar,400036,success,True,5.172389931770752,12.205281884196726,310.0213673614104,168
mars_comm_delay,astar,400037,immobilized,False,0.0,10.849583089372857,273.4657351841189,9
mars_comm_delay,astar,400038,success,True,0.0,12.89455164165896,558.4568412953802,412
mars_comm_delay,astar,400039,success,True,0.0,8.546839348498514,260.7166216084686,122
mars_comm_delay,astar,400040,success,True,2.643272406132337,8.82589080977645,628.3536900911583,458
mars_comm_delay,astar,400041,success,True,0.0,11.03122399243434,223.1836389921185,82
mars_comm_delay,astar,400042,immobilized,False,2.6825081225760576,11.069701112431636,363.8710075879716,151
mars_comm_delay,astar,400043,success,True,2.682945434512903,10.627744261056389,529.4159698237319,378
mars_comm_delay,astar,400044,success,True,0.0,8.878812952777938,479.8630157107967,336
mars_comm_delay,astar,400045,energy_exhausted,False,0.0,12.070486997534495,436.1679719937404,29
mars_comm_delay,astar,400046,success,True,1.0759328114998117,9.241608205169689,350.5651706565424,196
mars_comm_delay,astar,400047,immobilized,False,0.0,9.665149970503345,300.0035495642025,8
mars_comm_delay,astar,400048,success,True,0.0,8.369900996280546,455.98412188268327,320
mars_comm_delay,astar,400049,energy_exhausted,False,2.4809861891598297,10.408582726408738,452.2336218571986,45
mars_comm_delay,astar,400050,energy_exhausted,False,0.0,9.016487812813203,397.08332537608584,26
mars_comm_delay,astar,400051,success,True,1.9844359736195682,9.000460904000539,491.24727558546397,374
mars_comm_delay,astar,400052,success,True,1.3025252648500094,10.4968674484105,503.7858231539114,358
mars_comm_delay,astar,400053,success,True,2.8428104718997353,8.94485504185127,294.3292628270228,154
mars_comm_delay,risk_aware_astar,400004,energy_exhausted,False,0.0,10.342360460905567,408.2881733696984,12
mars_comm_delay,risk_aware_astar,400005,success,True,1.7572859911266732,9.623904321875369,342.48810447679875,200
mars_comm_delay,risk_aware_astar,400006,success,True,2.660266403645624,9.130953200747532,355.7513406670328,220
mars_comm_delay,risk_aware_astar,400007,energy_exhausted,False,0.0,10.037456096628219,368.71131874933997,31
mars_comm_delay,risk_aware_astar,400008,timeout,False,2.2481687817824647,8.885444925719812,991.6654833789385,800
mars_comm_delay,risk_aware_astar,400009,energy_exhausted,False,2.9643442354033516,10.375277040139736,422.02047663403846,28
mars_comm_delay,risk_aware_astar,400010,energy_exhausted,False,4.648062636397613,10.41206692211277,471.9294065442513,61
mars_comm_delay,risk_aware_astar,400011,success,True,0.0,9.044600831464807,376.7175450220474,222
mars_comm_delay,risk_aware_astar,400012,immobilized,False,4.472829938007017,9.399408209832723,760.4006158896183,341
mars_comm_delay,risk_aware_astar,400013,timeout,False,0.0,11.422294659534387,1217.7245175359212,800
mars_comm_delay,risk_aware_astar,400014,energy_exhausted,False,2.4472873995289284,10.17582267325629,387.63617193607,23
mars_comm_delay,risk_aware_astar,400015,energy_exhausted,False,2.6878019553130885,12.083069141602065,422.17725480580896,27
mars_comm_delay,risk_aware_astar,400016,success,True,0.0,12.058914380674398,417.38988594162805,304
mars_comm_delay,risk_aware_astar,400017,energy_exhausted,False,2.015181804021767,10.377593705823667,419.8026416659087,39
mars_comm_delay,risk_aware_astar,400018,success,True,1.494875937372436,9.300711949766486,738.6615805092288,510
mars_comm_delay,risk_aware_astar,400019,energy_exhausted,False,6.74384711050638,10.403107865331462,874.8547204500337,448
mars_comm_delay,risk_aware_astar,400020,immobilized,False,1.6689129305107204,7.490868008358168,342.0282041434061,127
mars_comm_delay,risk_aware_astar,400021,energy_exhausted,False,1.1838366797759214,8.656699591862557,393.111327525502,49
mars_comm_delay,risk_aware_astar,400022,timeout,False,1.274123461933285,10.050554038465963,1124.487677680157,800
mars_comm_delay,risk_aware_astar,400023,success,True,1.6074341944871817,9.312488982340422,470.3484414666255,330
mars_comm_delay,risk_aware_astar,400024,success,True,0.0,8.945433533721532,269.6768053969203,140
mars_comm_delay,risk_aware_astar,400025,energy_exhausted,False,1.187697045456624,6.504449313092817,960.339172926834,508
mars_comm_delay,risk_aware_astar,400026,energy_exhausted,False,2.908728450954972,12.919125223882055,421.79139297756564,30
mars_comm_delay,risk_aware_astar,400027,energy_exhausted,False,2.303114104758288,10.052784418734847,364.7789868944918,28
mars_comm_delay,risk_aware_astar,400028,success,True,2.85670826955898,11.175818835571611,892.0699786058493,690
mars_comm_delay,risk_aware_astar,400029,energy_exhausted,False,1.9269961299693577,7.772974148827593,668.7808379696652,337
mars_comm_delay,risk_aware_astar,400030,immobilized,False,0.0,9.716785046362691,459.38392715537975,201
mars_comm_delay,risk_aware_astar,400031,immobilized,False,2.6760108965509426,12.854598146362186,414.58532531481774,31
mars_comm_delay,risk_aware_astar,400032,success,True,4.465280776274449,10.281575833388214,562.6911616218129,408
mars_comm_delay,risk_aware_astar,400033,success,True,1.236935143682114,8.442189452281752,397.39004646499717,250
mars_comm_delay,risk_aware_astar,400034,timeout,False,0.0,12.717881015155145,1006.349627436918,800
mars_comm_delay,risk_aware_astar,400035,energy_exhausted,False,0.0,8.869218248335546,356.18357313318074,30
mars_comm_delay,risk_aware_astar,400036,energy_exhausted,False,5.172389931770752,12.205281884196726,1076.60483228959,682
mars_comm_delay,risk_aware_astar,400037,energy_exhausted,False,2.16551695870698,10.849583089372857,749.1229561064042,422
mars_comm_delay,risk_aware_astar,400038,energy_exhausted,False,2.3560180656126475,12.89455164165896,1036.0993023212204,654
mars_comm_delay,risk_aware_astar,400039,success,True,1.7648669781534534,8.546839348498514,500.5862615340597,372
mars_comm_delay,risk_aware_astar,400040,timeout,False,2.643272406132337,8.82589080977645,1006.3619981074647,800
mars_comm_delay,risk_aware_astar,400041,success,True,0.0,11.03122399243434,250.4835136060012,126
mars_comm_delay,risk_aware_astar,400042,energy_exhausted,False,2.6825081225760576,11.069701112431636,455.8678415784323,43
mars_comm_delay,risk_aware_astar,400043,energy_exhausted,False,2.682945434512903,10.627744261056389,450.7090938720382,45
mars_comm_delay,risk_aware_astar,400044,energy_exhausted,False,2.901195846735302,8.878812952777938,448.2393596052531,42
mars_comm_delay,risk_aware_astar,400045,timeout,False,2.571866994183246,12.070486997534495,937.7019003994656,800
mars_comm_delay,risk_aware_astar,400046,energy_exhausted,False,2.747236993103781,9.241608205169689,439.2279473636372,40
mars_comm_delay,risk_aware_astar,400047,energy_exhausted,False,0.0,9.665149970503345,1296.331195511835,755
mars_comm_delay,risk_aware_astar,400048,success,True,0.0,8.369900996280546,640.1555991061734,474
mars_comm_delay,risk_aware_astar,400049,energy_exhausted,False,2.4809861891598297,10.408582726408738,774.7202762729531,443
mars_comm_delay,risk_aware_astar,400050,energy_exhausted,False,0.0,9.016487812813203,432.89518892672925,33
mars_comm_delay,risk_aware_astar,400051,energy_exhausted,False,1.9844359736195682,9.000460904000539,755.2086278965799,364
mars_comm_delay,risk_aware_astar,400052,success,True,3.4686593707649154,10.4968674484105,583.1042905102083,428
mars_comm_delay,risk_aware_astar,400053,success,True,2.8428104718997353,8.94485504185127,311.75828098079774,178
mars_faults,adaptive_risk_aware_astar,400004,energy_exhausted,False,0.0,10.342360460905567,440.1651928378909,27
mars_faults,adaptive_risk_aware_astar,400005,energy_exhausted,False,1.7572859911266732,9.623904321875369,407.8539678035217,37
mars_faults,adaptive_risk_aware_astar,400006,success,True,2.660266403645624,9.130953200747532,307.43736184162515,146
mars_faults,adaptive_risk_aware_astar,400007,energy_exhausted,False,0.0,10.037456096628219,359.3126118695271,31
mars_faults,adaptive_risk_aware_astar,400008,timeout,False,0.0,8.885444925719812,1009.7003501961963,800
mars_faults,adaptive_risk_aware_astar,400009,energy_exhausted,False,2.9643442354033516,10.375277040139736,408.64481193282785,26
mars_faults,adaptive_risk_aware_astar,400010,energy_exhausted,False,1.8158144339910596,10.41206692211277,449.1948734646091,38
mars_faults,adaptive_risk_aware_astar,400011,success,True,0.0,9.044600831464807,90.76067066980275,4
mars_faults,adaptive_risk_aware_astar,400012,immobilized,False,2.065511083809088,9.399408209832723,298.07206571706666,65
mars_faults,adaptive_risk_aware_astar,400013,energy_exhausted,False,0.0,11.422294659534387,426.9804795585093,27
mars_faults,adaptive_risk_aware_astar,400014,energy_exhausted,False,2.4472873995289284,10.17582267325629,375.81509712811226,23
mars_faults,adaptive_risk_aware_astar,400015,energy_exhausted,False,2.6878019553130885,12.083069141602065,426.1817278373717,28
mars_faults,adaptive_risk_aware_astar,400016,success,True,0.0,12.058914380674398,335.89993510085077,184
mars_faults,adaptive_risk_aware_astar,400017,success,True,0.0,10.377593705823667,280.3028401609364,120
mars_faults,adaptive_risk_aware_astar,400018,success,True,1.494875937372436,9.300711949766486,348.23575730690357,162
mars_faults,adaptive_risk_aware_astar,400019,success,True,6.74384711050638,10.403107865331462,563.9501285670693,386
mars_faults,adaptive_risk_aware_astar,400020,success,True,0.0,7.490868008358168,219.0918688374557,54
mars_faults,adaptive_risk_aware_astar,400021,energy_exhausted,False,1.1838366797759214,8.656699591862557,472.86857747076897,57
mars_faults,adaptive_risk_aware_astar,400022,energy_exhausted,False,2.2966220360547682,10.050554038465963,418.59430948944527,35
mars_faults,adaptive_risk_aware_astar,400023,success,True,0.0,9.312488982340422,322.44294845776903,156
mars_faults,adaptive_risk_aware_astar,400024,success,True,2.5541636147658195,8.945433533721532,300.0861532239906,148
mars_faults,adaptive_risk_aware_astar,400025,success,True,1.187697045456624,6.504449313092817,276.8229299809878,108
mars_faults,adaptive_risk_aware_astar,400026,success,True,2.908728450954972,12.919125223882055,397.5056587528846,364
mars_faults,adaptive_risk_aware_astar,400027,energy_exhausted,False,0.0,10.052784418734847,357.2428267880645,27
mars_faults,adaptive_risk_aware_astar,400028,success,True,2.85670826955898,11.175818835571611,483.0858393216029,300
mars_faults,adaptive_risk_aware_astar,400029,energy_exhausted,False,1.9269961299693577,7.772974148827593,402.47910606239,31
mars_faults,adaptive_risk_aware_astar,400030,immobilized,False,0.0,9.716785046362691,262.04084803303897,65
mars_faults,adaptive_risk_aware_astar,400031,immobilized,False,2.6760108965509426,12.854598146362186,367.64736433174403,30
mars_faults,adaptive_risk_aware_astar,400032,success,True,0.0,10.281575833388214,175.03235967939128,14
mars_faults,adaptive_risk_aware_astar,400033,success,True,1.236935143682114,8.442189452281752,440.1610665256407,290
mars_faults,adaptive_risk_aware_astar,400034,success,True,0.0,12.717881015155145,205.83499602110174,42
mars_faults,adaptive_risk_aware_astar,400035,success,True,0.0,8.869218248335546,251.91994877587808,88
mars_faults,adaptive_risk_aware_astar,400036,energy_exhausted,False,2.708139130964118,12.205281884196726,641.3408873060253,238
mars_faults,adaptive_risk_aware_astar,400037,success,True,0.0,10.849583089372857,177.8470855075719,18
mars_faults,adaptive_risk_aware_astar,400038,energy_exhausted,False,2.3560180656126475,12.89455164165896,955.1797757178875,573
mars_faults,adaptive_risk_aware_astar,400039,success,True,1.7648669781534534,8.546839348498514,389.0545109571046,236
mars_faults,adaptive_risk_aware_astar,400040,energy_exhausted,False,2.643272406132337,8.82589080977645,476.8370900407148,178
mars_faults,adaptive_risk_aware_astar,400041,success,True,0.0,11.03122399243434,161.9518848863165,20
mars_faults,adaptive_risk_aware_astar,400042,immobilized,False,2.6825081225760576,11.069701112431636,354.3003497559172,91
mars_faults,adaptive_risk_aware_astar,400043,success,True,3.7546299169052224,10.627744261056389,536.4621602627075,350
mars_faults,adaptive_risk_aware_astar,400044,energy_exhausted,False,2.901195846735302,8.878812952777938,450.83938115918517,43
mars_faults,adaptive_risk_aware_astar,400045,success,True,2.571866994183246,12.070486997534495,430.8757349970108,300
mars_faults,adaptive_risk_aware_astar,400046,immobilized,False,1.0759328114998117,9.241608205169689,344.19559942269643,121
mars_faults,adaptive_risk_aware_astar,400047,success,True,0.0,9.665149970503345,1019.3629088745328,728
mars_faults,adaptive_risk_aware_astar,400048,success,True,0.0,8.369900996280546,334.75810017307396,168
mars_faults,adaptive_risk_aware_astar,400049,immobilized,False,2.4809861891598297,10.408582726408738,327.88870276636874,103
mars_faults,adaptive_risk_aware_astar,400050,energy_exhausted,False,0.0,9.016487812813203,450.1736869801664,36
mars_faults,adaptive_risk_aware_astar,400051,timeout,False,1.9844359736195682,9.000460904000539,836.7350036256734,800
mars_faults,adaptive_risk_aware_astar,400052,success,True,3.4686593707649154,10.4968674484105,599.516807143173,426
mars_faults,adaptive_risk_aware_astar,400053,immobilized,False,2.8428104718997353,8.94485504185127,361.08981745648975,163
mars_faults,astar,400004,energy_exhausted,False,0.0,10.342360460905567,368.35160222368717,16
mars_faults,astar,400005,success,True,0.0,9.623904321875369,273.17917286721496,110
mars_faults,astar,400006,success,True,2.660266403645624,9.130953200747532,368.55553425576943,210
mars_faults,astar,400007,energy_exhausted,False,0.0,10.037456096628219,381.61383697728513,32
mars_faults,astar,400008,energy_exhausted,False,0.0,8.885444925719812,418.00563013468445,20
mars_faults,astar,400009,success,True,0.0,10.375277040139736,194.2879092298284,36
mars_faults,astar,400010,success,True,1.8158144339910596,10.41206692211277,332.97411726975696,146
mars_faults,astar,400011,energy_exhausted,False,0.0,9.044600831464807,395.33983391461027,17
mars_faults,astar,400012,energy_exhausted,False,2.065511083809088,9.399408209832723,430.49997425956917,27
mars_faults,astar,400013,success,True,0.0,11.422294659534387,391.93128611676343,202
mars_faults,astar,400014,energy_exhausted,False,2.4472873995289284,10.17582267325629,419.8710710818507,23
mars_faults,astar,400015,energy_exhausted,False,0.0,12.083069141602065,416.45476998943127,13
mars_faults,astar,400016,energy_exhausted,False,2.521448681106518,12.058914380674398,361.18155496873,27
mars_faults,astar,400017,success,True,0.0,10.377593705823667,446.64003200942193,286
mars_faults,astar,400018,energy_exhausted,False,1.494875937372436,9.300711949766486,1014.5527404959199,536
mars_faults,astar,400019,success,True,2.4782920855920345,10.403107865331462,296.9374068633391,130
mars_faults,astar,400020,immobilized,False,1.6689129305107204,7.490868008358168,292.91682267000795,75
mars_faults,astar,400021,energy_exhausted,False,0.0,8.656699591862557,332.9489852994833,24
mars_faults,astar,400022,energy_exhausted,False,0.0,10.050554038465963,363.0246759258052,21
mars_faults,astar,400023,energy_exhausted,False,0.0,9.312488982340422,405.3013224721915,19
mars_faults,astar,400024,success,True,0.0,8.945433533721532,283.27047348600655,132
mars_faults,astar,400025,success,True,0.0,6.504449313092817,515.4676503159146,324
mars_faults,astar,400026,success,True,2.908728450954972,12.919125223882055,400.3193685599383,368
mars_faults,astar,400027,success,True,0.0,10.052784418734847,234.58772190986807,74
mars_faults,astar,400028,energy_exhausted,False,0.0,11.175818835571611,411.2958981866092,20
mars_faults,astar,400029,success,True,1.9269961299693577,7.772974148827593,273.398595838127,122
mars_faults,astar,400030,immobilized,False,0.0,9.716785046362691,269.76143620128295,65
mars_faults,astar,400031,energy_exhausted,False,2.674855726775574,12.854598146362186,363.32321894859615,29
mars_faults,astar,400032,success,True,0.0,10.281575833388214,275.20977374947597,116
mars_faults,astar,400033,success,True,1.236935143682114,8.442189452281752,231.06125556556293,72
mars_faults,astar,400034,success,True,0.0,12.717881015155145,206.97195053227108,44
mars_faults,astar,400035,energy_exhausted,False,0.0,8.869218248335546,404.65329438663315,30
mars_faults,astar,400036,energy_exhausted,False,2.464250800806634,12.205281884196726,514.0135708139329,161
mars_faults,astar,400037,immobilized,False,0.0,10.849583089372857,273.4657351841189,9
mars_faults,astar,400038,energy_exhausted,False,0.0,12.89455164165896,420.85914586045413,13
mars_faults,astar,400039,success,True,0.0,8.546839348498514,183.9579694053718,24
mars_faults,astar,400040,energy_exhausted,False,0.0,8.82589080977645,552.5382129041947,174
mars_faults,astar,400041,immobilized,False,0.0,11.03122399243434,351.9334416257222,121
mars_faults,astar,400042,immobilized,False,2.6825081225760576,11.069701112431636,356.58963350103875,91
mars_faults,astar,400043,success,True,0.0,10.627744261056389,354.7638399699037,182
mars_faults,astar,400044,success,True,0.0,8.878812952777938,298.92480134652095,140
mars_faults,astar,400045,energy_exhausted,False,0.0,12.070486997534495,436.3080600945536,29
mars_faults,astar,400046,immobilized,False,1.0759328114998117,9.241608205169689,336.1051706565472,61
mars_faults,astar,400047,immobilized,False,0.0,9.665149970503345,300.0035495642025,8
mars_faults,astar,400048,success,True,0.0,8.369900996280546,442.9441218826865,276
mars_faults,astar,400049,immobilized,False,0.0,10.408582726408738,313.06756207362577,55
mars_faults,astar,400050,immobilized,False,0.0,9.016487812813203,305.5544833209697,115
mars_faults,astar,400051,timeout,False,1.9844359736195682,9.000460904000539,824.530974577221,800
mars_faults,astar,400052,success,True,0.0,10.4968674484105,582.2423115754632,410
mars_faults,astar,400053,energy_exhausted,False,2.8428104718997353,8.94485504185127,396.87116744100655,23
mars_faults,risk_aware_astar,400004,energy_exhausted,False,0.0,10.342360460905567,384.81258879272633,16
mars_faults,risk_aware_astar,400005,energy_exhausted,False,1.7572859911266732,9.623904321875369,407.8539678035217,37
mars_faults,risk_aware_astar,400006,success,True,2.660266403645624,9.130953200747532,307.21426887987604,146
mars_faults,risk_aware_astar,400007,energy_exhausted,False,0.0,10.037456096628219,368.71131874933997,31
mars_faults,risk_aware_astar,400008,energy_exhausted,False,0.0,8.885444925719812,966.9395553669555,565
mars_faults,risk_aware_astar,400009,energy_exhausted,False,2.9643442354033516,10.375277040139736,428.64866522366583,28
mars_faults,risk_aware_astar,400010,energy_exhausted,False,4.648062636397613,10.41206692211277,471.04877410500944,61
mars_faults,risk_aware_astar,400011,immobilized,False,0.0,9.044600831464807,404.05890422364484,69
mars_faults,risk_aware_astar,400012,immobilized,False,4.472829938007017,9.399408209832723,438.76271783883254,65
mars_faults,risk_aware_astar,400013,energy_exhausted,False,0.0,11.422294659534387,363.95536474315077,21
mars_faults,risk_aware_astar,400014,energy_exhausted,False,2.4472873995289284,10.17582267325629,435.15376150640543,25
mars_faults,risk_aware_astar,400015,energy_exhausted,False,2.6878019553130885,12.083069141602065,422.17725480580896,27
mars_faults,risk_aware_astar,400016,success,True,0.0,12.058914380674398,335.89993510085077,184
mars_faults,risk_aware_astar,400017,success,True,0.0,10.377593705823667,384.4873291871219,224
mars_faults,risk_aware_astar,400018,success,True,1.494875937372436,9.300711949766486,355.0255584662348,168
mars_faults,risk_aware_astar,400019,success,True,6.74384711050638,10.403107865331462,563.8176094031214,386
mars_faults,risk_aware_astar,400020,immobilized,False,1.6689129305107204,7.490868008358168,334.9082041434082,75
mars_faults,risk_aware_astar,400021,energy_exhausted,False,1.1838366797759214,8.656699591862557,392.8324961776877,49
mars_faults,risk_aware_astar,400022,energy_exhausted,False,2.2966220360547682,10.050554038465963,425.2930230808004,35
mars_faults,risk_aware_astar,400023,success,True,0.0,9.312488982340422,351.4868988175694,184
mars_faults,risk_aware_astar,400024,success,True,0.0,8.945433533721532,263.07680539692205,110
mars_faults,risk_aware_astar,400025,success,True,1.187697045456624,6.504449313092817,319.36870752272273,148
mars_faults,risk_aware_astar,400026,energy_exhausted,False,2.908728450954972,12.919125223882055,327.2335766157444,28
mars_faults,risk_aware_astar,400027,energy_exhausted,False,0.0,10.052784418734847,1043.3036471825856,692
mars_faults,risk_aware_astar,400028,energy_exhausted,False,2.85670826955898,11.175818835571611,741.1468790652059,392
mars_faults,risk_aware_astar,400029,energy_exhausted,False,1.9269961299693577,7.772974148827593,348.44598055811497,31
mars_faults,risk_aware_astar,400030,immobilized,False,0.0,9.716785046362691,262.04084803303897,65
mars_faults,risk_aware_astar,400031,immobilized,False,2.6760108965509426,12.854598146362186,414.58532531481774,31
mars_faults,risk_aware_astar,400032,timeout,False,0.0,10.281575833388214,882.1791844455164,800
mars_faults,risk_aware_astar,400033,success,True,1.236935143682114,8.442189452281752,256.17224269316824,98
mars_faults,risk_aware_astar,400034,timeout,False,0.0,12.717881015155145,1037.0957008139314,800
mars_faults,risk_aware_astar,400035,energy_exhausted,False,0.0,8.869218248335546,450.1496618611372,43
mars_faults,risk_aware_astar,400036,timeout,False,5.172389931770752,12.205281884196726,956.1070914959955,800
mars_faults,risk_aware_astar,400037,success,True,0.0,10.849583089372857,256.9406255270119,110
mars_faults,risk_aware_astar,400038,energy_exhausted,False,2.3560180656126475,12.89455164165896,432.8500384529643,24
mars_faults,risk_aware_astar,400039,energy_exhausted,False,1.7648669781534534,8.546839348498514,364.6482327905984,27
mars_faults,risk_aware_astar,400040,energy_exhausted,False,2.643272406132337,8.82589080977645,476.8370900407148,178
mars_faults,risk_aware_astar,400041,immobilized,False,0.0,11.03122399243434,351.5318279497593,123
mars_faults,risk_aware_astar,400042,immobilized,False,2.6825081225760576,11.069701112431636,354.3003497559172,91
mars_faults,risk_aware_astar,400043,success,True,2.682945434512903,10.627744261056389,716.4573609751094,520
mars_faults,risk_aware_astar,400044,energy_exhausted,False,2.901195846735302,8.878812952777938,450.83938115918517,43
mars_faults,risk_aware_astar,400045,energy_exhausted,False,4.3826730168011645,12.070486997534495,1082.9279548734055,762
mars_faults,risk_aware_astar,400046,energy_exhausted,False,2.747236993103781,9.241608205169689,439.2279473636372,40
mars_faults,risk_aware_astar,400047,energy_exhausted,False,0.0,9.665149970503345,515.0546433128694,93
mars_faults,risk_aware_astar,400048,success,True,0.0,8.369900996280546,340.3132171269248,174
mars_faults,risk_aware_astar,400049,immobilized,False,2.4809861891598297,10.408582726408738,368.28534510126696,103
mars_faults,risk_aware_astar,400050,energy_exhausted,False,0.0,9.016487812813203,417.2786899788184,31
mars_faults,risk_aware_astar,400051,timeout,False,1.9844359736195682,9.000460904000539,822.5735278571827,800
mars_faults,risk_aware_astar,400052,success,True,3.4686593707649154,10.4968674484105,747.8454882423976,570
mars_faults,risk_aware_astar,400053,immobilized,False,2.8428104718997353,8.94485504185127,361.08981745648975,163
mars_high_uncertainty,adaptive_risk_aware_astar,400004,immobilized,False,0.0,10.342360460905567,398.26107876895946,139
mars_high_uncertainty,adaptive_risk_aware_astar,400005,success,True,0.0,9.623904321875369,382.2287863514737,218
mars_high_uncertainty,adaptive_risk_aware_astar,400006,success,True,2.660266403645624,9.130953200747532,470.4346648588103,312
mars_high_uncertainty,adaptive_risk_aware_astar,400007,energy_exhausted,False,0.0,10.037456096628219,388.0525952114289,31
mars_high_uncertainty,adaptive_risk_aware_astar,400008,success,True,0.0,8.885444925719812,324.13149223584657,164
mars_high_uncertainty,adaptive_risk_aware_astar,400009,success,True,2.9643442354033516,10.375277040139736,732.5958168044292,616
mars_high_uncertainty,adaptive_risk_aware_astar,400010,success,True,1.8158144339910596,10.41206692211277,334.434235396085,148
mars_high_uncertainty,adaptive_risk_aware_astar,400011,energy_exhausted,False,0.0,9.044600831464807,460.9135497132546,49
mars_high_uncertainty,adaptive_risk_aware_astar,400012,energy_exhausted,False,2.065511083809088,9.399408209832723,354.8090459544311,27
mars_high_uncertainty,adaptive_risk_aware_astar,400013,energy_exhausted,False,0.0,11.422294659534387,1079.5506578139402,644
mars_high_uncertainty,adaptive_risk_aware_astar,400014,energy_exhausted,False,2.4472873995289284,10.17582267325629,429.98693601526594,32
mars_high_uncertainty,adaptive_risk_aware_astar,400015,energy_exhausted,False,2.6878019553130885,12.083069141602065,439.09128235127895,31
mars_high_uncertainty,adaptive_risk_aware_astar,400016,success,True,0.0,12.058914380674398,156.94970068055935,14
mars_high_uncertainty,adaptive_risk_aware_astar,400017,energy_exhausted,False,2.015181804021767,10.377593705823667,424.60017113679197,39
mars_high_uncertainty,adaptive_risk_aware_astar,400018,success,True,1.494875937372436,9.300711949766486,396.58435739607893,202
mars_high_uncertainty,adaptive_risk_aware_astar,400019,energy_exhausted,False,4.341311423818783,10.403107865331462,1075.778269065291,710
mars_high_uncertainty,adaptive_risk_aware_astar,400020,immobilized,False,0.0,7.490868008358168,216.4144116377897,37
mars_high_uncertainty,adaptive_risk_aware_astar,400021,energy_exhausted,False,1.1838366797759214,8.656699591862557,424.07463050678825,49
mars_high_uncertainty,adaptive_risk_aware_astar,400022,energy_exhausted,False,0.0,10.050554038465963,420.4396737703295,34
mars_high_uncertainty,adaptive_risk_aware_astar,400023,success,True,0.0,9.312488982340422,230.51057261019503,68
mars_high_uncertainty,adaptive_risk_aware_astar,400024,energy_exhausted,False,2.5541636147658195,8.945433533721532,436.4449871764932,30
mars_high_uncertainty,adaptive_risk_aware_astar,400025,success,True,1.187697045456624,6.504449313092817,502.32989175482436,316
mars_high_uncertainty,adaptive_risk_aware_astar,400026,energy_exhausted,False,2.908728450954972,12.919125223882055,451.5642411214801,35
mars_high_uncertainty,adaptive_risk_aware_astar,400027,energy_exhausted,False,0.0,10.052784418734847,453.8744913504703,40
mars_high_uncertainty,adaptive_risk_aware_astar,400028,energy_exhausted,False,2.85670826955898,11.175818835571611,556.1807808384818,206
mars_high_uncertainty,adaptive_risk_aware_astar,400029,success,True,1.9269961299693577,7.772974148827593,857.6396784643125,780
mars_high_uncertainty,adaptive_risk_aware_astar,400030,immobilized,False,0.0,9.716785046362691,250.18905767414577,65
mars_high_uncertainty,adaptive_risk_aware_astar,400031,energy_exhausted,False,2.6760108965509426,12.854598146362186,432.27938526192213,29
mars_high_uncertainty,adaptive_risk_aware_astar,400032,energy_exhausted,False,0.0,10.281575833388214,616.1267056621787,236
mars_high_uncertainty,adaptive_risk_aware_astar,400033,energy_exhausted,False,1.236935143682114,8.442189452281752,537.542148133126,134
mars_high_uncertainty,adaptive_risk_aware_astar,400034,success,True,0.0,12.717881015155145,259.49814029873505,96
mars_high_uncertainty,adaptive_risk_aware_astar,400035,energy_exhausted,False,0.0,8.869218248335546,419.5927802403802,29
mars_high_uncertainty,adaptive_risk_aware_astar,400036,energy_exhausted,False,0.0,12.205281884196726,598.2905696792873,206
mars_high_uncertainty,adaptive_risk_aware_astar,400037,success,True,0.0,10.849583089372857,200.62610603174824,44
mars_high_uncertainty,adaptive_risk_aware_astar,400038,success,True,2.3560180656126475,12.89455164165896,528.5610866520686,382
mars_high_uncertainty,adaptive_risk_aware_astar,400039,success,True,1.7648669781534534,8.546839348498514,591.0955266419666,448
mars_high_uncertainty,adaptive_risk_aware_astar,400040,timeout,False,0.0,8.82589080977645,1014.8165275100519,800
mars_high_uncertainty,adaptive_risk_aware_astar,400041,success,True,0.0,11.03122399243434,105.27694849436158,4
mars_high_uncertainty,adaptive_risk_aware_astar,400042,energy_exhausted,False,2.6825081225760576,11.069701112431636,366.702412996209,42
mars_high_uncertainty,adaptive_risk_aware_astar,400043,timeout,False,2.682945434512903,10.627744261056389,1089.1611442511744,800
mars_high_uncertainty,adaptive_risk_aware_astar,400044,success,True,0.0,8.878812952777938,265.1227580723501,106
mars_high_uncertainty,adaptive_risk_aware_astar,400045,energy_exhausted,False,4.3826730168011645,12.070486997534495,564.0055366513395,300
mars_high_uncertainty,adaptive_risk_aware_astar,400046,immobilized,False,1.0759328114998117,9.241608205169689,418.6348916669869,105
mars_high_uncertainty,adaptive_risk_aware_astar,400047,success,True,0.0,9.665149970503345,629.8701834972508,396
mars_high_uncertainty,adaptive_risk_aware_astar,400048,success,True,0.0,8.369900996280546,330.41334361325465,164
mars_high_uncertainty,adaptive_risk_aware_astar,400049,immobilized,False,2.4809861891598297,10.408582726408738,277.7140603565327,51
mars_high_uncertainty,adaptive_risk_aware_astar,400050,immobilized,False,2.544867230415451,9.016487812813203,414.34265062989147,99
mars_high_uncertainty,adaptive_risk_aware_astar,400051,energy_exhausted,False,1.9844359736195682,9.000460904000539,587.3093634607056,208
mars_high_uncertainty,adaptive_risk_aware_astar,400052,energy_exhausted,False,1.3025252648500094,10.4968674484105,456.9502999008874,65
mars_high_uncertainty,adaptive_risk_aware_astar,400053,immobilized,False,2.8428104718997353,8.94485504185127,323.8129046066573,113
mars_high_uncertainty,astar,400004,immobilized,False,0.0,10.342360460905567,340.6068392316827,139
mars_high_uncertainty,astar,400005,success,True,0.0,9.623904321875369,304.12920812916576,140
mars_high_uncertainty,astar,400006,success,True,2.660266403645624,9.130953200747532,401.2952830502985,242
mars_high_uncertainty,astar,400007,energy_exhausted,False,0.0,10.037456096628219,427.3781491493069,32
mars_high_uncertainty,astar,400008,success,True,0.0,8.885444925719812,272.4819124676671,112
mars_high_uncertainty,astar,400009,energy_exhausted,False,1.853705666136612,10.375277040139736,375.8603310710376,26
mars_high_uncertainty,astar,400010,success,True,1.8158144339910596,10.41206692211277,327.710236260219,142
mars_high_uncertainty,astar,400011,energy_exhausted,False,0.0,9.044600831464807,411.9431937164847,16
mars_high_uncertainty,astar,400012,energy_exhausted,False,2.065511083809088,9.399408209832723,383.44235067279834,27
mars_high_uncertainty,astar,400013,immobilized,False,0.0,11.422294659534387,202.56949696412983,3
mars_high_uncertainty,astar,400014,energy_exhausted,False,2.4472873995289284,10.17582267325629,428.0698285640072,23
mars_high_uncertainty,astar,400015,energy_exhausted,False,0.0,12.083069141602065,410.0590564261479,13
mars_high_uncertainty,astar,400016,success,True,0.0,12.058914380674398,143.36294065174042,12
mars_high_uncertainty,astar,400017,energy_exhausted,False,0.0,10.377593705823667,409.6273253341555,24
mars_high_uncertainty,astar,400018,energy_exhausted,False,0.0,9.300711949766486,1067.0508935800256,600
mars_high_uncertainty,astar,400019,success,True,2.4782920855920345,10.403107865331462,550.9661120186651,376
mars_high_uncertainty,astar,400020,immobilized,False,1.6689129305107204,7.490868008358168,285.35506043831003,37
mars_high_uncertainty,astar,400021,energy_exhausted,False,0.0,8.656699591862557,409.9207830349818,31
mars_high_uncertainty,astar,400022,energy_exhausted,False,0.0,10.050554038465963,370.97938730025515,21
mars_high_uncertainty,astar,400023,success,True,0.0,9.312488982340422,172.89924157555853,16
mars_high_uncertainty,astar,400024,immobilized,False,0.0,8.945433533721532,238.0463510423768,4
mars_high_uncertainty,astar,400025,success,True,1.187697045456624,6.504449313092817,645.0789853939592,448
mars_high_uncertainty,astar,400026,success,True,2.908728450954972,12.919125223882055,387.31000994205755,212
mars_high_uncertainty,astar,400027,success,True,0.0,10.052784418734847,440.33163282231703,278
mars_high_uncertainty,astar,400028,energy_exhausted,False,0.0,11.175818835571611,422.78371556444364,20
mars_high_uncertainty,astar,400029,immobilized,False,0.0,7.772974148827593,232.02470805852067,10
mars_high_uncertainty,astar,400030,immobilized,False,0.0,9.716785046362691,256.67561333199706,65
mars_high_uncertainty,astar,400031,energy_exhausted,False,0.0,12.854598146362186,320.75149491407365,14
mars_high_uncertainty,astar,400032,success,True,2.6622491917741566,10.281575833388214,369.3725565281328,212
mars_high_uncertainty,astar,400033,success,True,1.236935143682114,8.442189452281752,163.81323835519595,27
mars_high_uncertainty,astar,400034,success,True,0.0,12.717881015155145,522.1455977848422,354
mars_high_uncertainty,astar,400035,energy_exhausted,False,0.0,8.869218248335546,361.67035092241207,27
mars_high_uncertainty,astar,400036,success,True,5.172389931770752,12.205281884196726,374.6805284810233,216
mars_high_uncertainty,astar,400037,success,True,0.0,10.849583089372857,286.2164050789377,144
mars_high_uncertainty,astar,400038,success,True,0.0,12.89455164165896,232.51006126471373,74
mars_high_uncertainty,astar,400039,success,True,0.0,8.546839348498514,299.6539107958937,144
mars_high_uncertainty,astar,400040,success,True,0.0,8.82589080977645,503.26756628913836,330
mars_high_uncertainty,astar,400041,success,True,0.0,11.03122399243434,144.69365589027095,5
mars_high_uncertainty,astar,400042,energy_exhausted,False,2.6825081225760576,11.069701112431636,436.5432499268508,34
mars_high_uncertainty,astar,400043,success,True,2.682945434512903,10.627744261056389,431.3128057017527,252
mars_high_uncertainty,astar,400044,success,True,0.0,8.878812952777938,394.0288169792726,236
mars_high_uncertainty,astar,400045,energy_exhausted,False,0.0,12.070486997534495,391.46727524541416,27
mars_high_uncertainty,astar,400046,immobilized,False,0.0,9.241608205169689,271.05465025098096,25
mars_high_uncertainty,astar,400047,immobilized,False,0.0,9.665149970503345,308.9370169080143,8
mars_high_uncertainty,astar,400048,energy_exhausted,False,0.0,8.369900996280546,359.6818604742547,21
mars_high_uncertainty,astar,400049,energy_exhausted,False,2.4809861891598297,10.408582726408738,422.83057159722483,28
mars_high_uncertainty,astar,400050,energy_exhausted,False,0.0,9.016487812813203,427.36196918486974,26
mars_high_uncertainty,astar,400051,success,True,1.9844359736195682,9.000460904000539,546.4789623643708,408
mars_high_uncertainty,astar,400052,energy_exhausted,False,0.0,10.4968674484105,432.89661842659405,21
mars_high_uncertainty,astar,400053,energy_exhausted,False,2.8428104718997353,8.94485504185127,402.3277538061383,24
mars_high_uncertainty,risk_aware_astar,400004,energy_exhausted,False,0.0,10.342360460905567,415.87870901874334,27
mars_high_uncertainty,risk_aware_astar,400005,success,True,1.7572859911266732,9.623904321875369,332.62079514448334,168
mars_high_uncertainty,risk_aware_astar,400006,success,True,2.660266403645624,9.130953200747532,355.6192559144937,196
mars_high_uncertainty,risk_aware_astar,400007,energy_exhausted,False,0.0,10.037456096628219,422.7122992310176,31
mars_high_uncertainty,risk_aware_astar,400008,success,True,0.0,8.885444925719812,769.0669284704001,616
mars_high_uncertainty,risk_aware_astar,400009,energy_exhausted,False,2.9643442354033516,10.375277040139736,433.4291392555756,26
mars_high_uncertainty,risk_aware_astar,400010,energy_exhausted,False,1.8158144339910596,10.41206692211277,460.09639080541143,52
mars_high_uncertainty,risk_aware_astar,400011,immobilized,False,0.0,9.044600831464807,362.0460427907836,139
mars_high_uncertainty,risk_aware_astar,400012,energy_exhausted,False,2.065511083809088,9.399408209832723,423.64815186246466,27
mars_high_uncertainty,risk_aware_astar,400013,immobilized,False,0.0,11.422294659534387,193.28088662057235,3
mars_high_uncertainty,risk_aware_astar,400014,energy_exhausted,False,2.4472873995289284,10.17582267325629,408.2838443915207,23
mars_high_uncertainty,risk_aware_astar,400015,energy_exhausted,False,2.6878019553130885,12.083069141602065,406.4942294557485,27
mars_high_uncertainty,risk_aware_astar,400016,energy_exhausted,False,0.0,12.058914380674398,424.2519936522716,14
mars_high_uncertainty,risk_aware_astar,400017,energy_exhausted,False,2.015181804021767,10.377593705823667,432.3288716724189,39
mars_high_uncertainty,risk_aware_astar,400018,success,True,1.494875937372436,9.300711949766486,349.1417670750172,162
mars_high_uncertainty,risk_aware_astar,400019,success,True,6.74384711050638,10.403107865331462,634.910327031889,456
mars_high_uncertainty,risk_aware_astar,400020,immobilized,False,1.6689129305107204,7.490868008358168,381.4931886923725,37
mars_high_uncertainty,risk_aware_astar,400021,energy_exhausted,False,1.1838366797759214,8.656699591862557,427.6889273131499,49
mars_high_uncertainty,risk_aware_astar,400022,energy_exhausted,False,0.0,10.050554038465963,411.93275649419434,22
mars_high_uncertainty,risk_aware_astar,400023,success,True,0.0,9.312488982340422,230.51057261019503,68
mars_high_uncertainty,risk_aware_astar,400024,immobilized,False,0.0,8.945433533721532,210.28374839553533,4
mars_high_uncertainty,risk_aware_astar,400025,success,True,1.187697045456624,6.504449313092817,502.30437534737416,316
mars_high_uncertainty,risk_aware_astar,400026,energy_exhausted,False,2.908728450954972,12.919125223882055,419.08218620216655,30
mars_high_uncertainty,risk_aware_astar,400027,energy_exhausted,False,0.0,10.052784418734847,1021.6580805808106,610
mars_high_uncertainty,risk_aware_astar,400028,success,True,2.85670826955898,11.175818835571611,604.936433374267,414
mars_high_uncertainty,risk_aware_astar,400029,energy_exhausted,False,1.9269961299693577,7.772974148827593,984.1931271421316,713
mars_high_uncertainty,risk_aware_astar,400030,immobilized,False,0.0,9.716785046362691,250.18905767414577,65
mars_high_uncertainty,risk_aware_astar,400031,immobilized,False,2.6760108965509426,12.854598146362186,421.698266552681,30
mars_high_uncertainty,risk_aware_astar,400032,timeout,False,0.0,10.281575833388214,1036.1117076443627,800
mars_high_uncertainty,risk_aware_astar,400033,success,True,1.236935143682114,8.442189452281752,453.6656248648519,306
mars_high_uncertainty,risk_aware_astar,400034,energy_exhausted,False,0.0,12.717881015155145,800.5739404077569,445
mars_high_uncertainty,risk_aware_astar,400035,energy_exhausted,False,0.0,8.869218248335546,424.3762130199768,29
mars_high_uncertainty,risk_aware_astar,400036,energy_exhausted,False,5.172389931770752,12.205281884196726,961.8700492460048,573
mars_high_uncertainty,risk_aware_astar,400037,timeout,False,2.16551695870698,10.849583089372857,1050.5154021395458,800
mars_high_uncertainty,risk_aware_astar,400038,energy_exhausted,False,2.3560180656126475,12.89455164165896,441.03609975237765,33
mars_high_uncertainty,risk_aware_astar,400039,success,True,1.7648669781534534,8.546839348498514,591.0955266419666,448
mars_high_uncertainty,risk_aware_astar,400040,timeout,False,0.0,8.82589080977645,1014.8165275100519,800
mars_high_uncertainty,risk_aware_astar,400041,success,True,0.0,11.03122399243434,178.3737764394973,18
mars_high_uncertainty,risk_aware_astar,400042,energy_exhausted,False,2.6825081225760576,11.069701112431636,366.702412996209,42
mars_high_uncertainty,risk_aware_astar,400043,energy_exhausted,False,3.7546299169052224,10.627744261056389,621.0502368977029,196
mars_high_uncertainty,risk_aware_astar,400044,energy_exhausted,False,2.901195846735302,8.878812952777938,432.8295080636918,37
mars_high_uncertainty,risk_aware_astar,400045,energy_exhausted,False,2.571866994183246,12.070486997534495,475.58917748869374,131
mars_high_uncertainty,risk_aware_astar,400046,energy_exhausted,False,1.0759328114998117,9.241608205169689,383.82906046176987,33
mars_high_uncertainty,risk_aware_astar,400047,energy_exhausted,False,2.4042854402223,9.665149970503345,489.4423091705903,96
mars_high_uncertainty,risk_aware_astar,400048,success,True,0.0,8.369900996280546,370.9315685721596,204
mars_high_uncertainty,risk_aware_astar,400049,immobilized,False,2.4809861891598297,10.408582726408738,283.5101969697558,51
mars_high_uncertainty,risk_aware_astar,400050,energy_exhausted,False,0.0,9.016487812813203,344.18832890154334,32
mars_high_uncertainty,risk_aware_astar,400051,energy_exhausted,False,3.1070853831693976,9.000460904000539,1107.3255687384435,734
mars_high_uncertainty,risk_aware_astar,400052,energy_exhausted,False,2.166134105914906,10.4968674484105,700.4340891026769,284
mars_high_uncertainty,risk_aware_astar,400053,immobilized,False,2.8428104718997353,8.94485504185127,325.3644990626135,113
mars_ood,adaptive_risk_aware_astar,400004,success,True,0.0,10.342360460905567,361.26344699618187,170
mars_ood,adaptive_risk_aware_astar,400005,success,True,0.0,9.623904321875369,286.27833935069555,122
mars_ood,adaptive_risk_aware_astar,400006,energy_exhausted,False,2.660266403645624,9.130953200747532,383.2623625942644,34
mars_ood,adaptive_risk_aware_astar,400007,energy_exhausted,False,0.0,10.037456096628219,359.3126118695271,31
mars_ood,adaptive_risk_aware_astar,400008,energy_exhausted,False,2.2481687817824647,8.885444925719812,433.3183925721266,40
mars_ood,adaptive_risk_aware_astar,400009,energy_exhausted,False,0.0,10.375277040139736,433.7654339881288,27
mars_ood,adaptive_risk_aware_astar,400010,energy_exhausted,False,1.8158144339910596,10.41206692211277,446.5772381732705,37
mars_ood,adaptive_risk_aware_astar,400011,energy_exhausted,False,0.0,9.044600831464807,449.6753171965415,45
mars_ood,adaptive_risk_aware_astar,400012,immobilized,False,2.065511083809088,9.399408209832723,254.5164357083462,53
mars_ood,adaptive_risk_aware_astar,400013,energy_exhausted,False,0.0,11.422294659534387,414.5198492552307,29
mars_ood,adaptive_risk_aware_astar,400014,energy_exhausted,False,2.4472873995289284,10.17582267325629,442.071525205923,35
mars_ood,adaptive_risk_aware_astar,400015,energy_exhausted,False,2.6878019553130885,12.083069141602065,357.68732489385127,25
mars_ood,adaptive_risk_aware_astar,400016,success,True,0.0,12.058914380674398,156.66204515723334,14
mars_ood,adaptive_risk_aware_astar,400017,energy_exhausted,False,2.015181804021767,10.377593705823667,419.8026416659087,39
mars_ood,adaptive_risk_aware_astar,400018,success,True,1.494875937372436,9.300711949766486,306.84689569207416,126
mars_ood,adaptive_risk_aware_astar,400019,success,True,6.74384711050638,10.403107865331462,762.3977502035252,578
mars_ood,adaptive_risk_aware_astar,400020,success,True,0.0,7.490868008358168,219.0918688374557,54
mars_ood,adaptive_risk_aware_astar,400021,energy_exhausted,False,1.1838366797759214,8.656699591862557,475.17643376420267,58
mars_ood,adaptive_risk_aware_astar,400022,energy_exhausted,False,0.0,10.050554038465963,444.6001910228054,30
mars_ood,adaptive_risk_aware_astar,400023,success,True,0.0,9.312488982340422,196.20628021994435,34
mars_ood,adaptive_risk_aware_astar,400024,success,True,2.5541636147658195,8.945433533721532,300.0861532239906,148
mars_ood,adaptive_risk_aware_astar,400025,success,True,1.187697045456624,6.504449313092817,548.5580015356983,356
mars_ood,adaptive_risk_aware_astar,400026,energy_exhausted,False,2.908728450954972,12.919125223882055,448.1705223108596,34
mars_ood,adaptive_risk_aware_astar,400027,energy_exhausted,False,0.0,10.052784418734847,863.8797548049369,451
mars_ood,adaptive_risk_aware_astar,400028,success,True,2.85670826955898,11.175818835571611,894.2421578438245,678
mars_ood,adaptive_risk_aware_astar,400029,energy_exhausted,False,1.9269961299693577,7.772974148827593,808.701753762404,476
mars_ood,adaptive_risk_aware_astar,400030,immobilized,False,0.0,9.716785046362691,262.04084803303897,65
mars_ood,adaptive_risk_aware_astar,400031,immobilized,False,2.6760108965509426,12.854598146362186,367.64736433174403,30
mars_ood,adaptive_risk_aware_astar,400032,success,True,1.8030315845002927,10.281575833388214,446.83684781935335,290
mars_ood,adaptive_risk_aware_astar,400033,success,True,1.236935143682114,8.442189452281752,407.293934590927,258
mars_ood,adaptive_risk_aware_astar,400034,success,True,0.0,12.717881015155145,204.07194077348436,42
mars_ood,adaptive_risk_aware_astar,400035,energy_exhausted,False,0.0,8.869218248335546,396.0866963836768,29
mars_ood,adaptive_risk_aware_astar,400036,energy_exhausted,False,5.172389931770752,12.205281884196726,725.2943477074725,434
mars_ood,adaptive_risk_aware_astar,400037,energy_exhausted,False,0.0,10.849583089372857,404.0855327568337,23
mars_ood,adaptive_risk_aware_astar,400038,timeout,False,2.3560180656126475,12.89455164165896,997.0778594313407,800
mars_ood,adaptive_risk_aware_astar,400039,success,True,1.7648669781534534,8.546839348498514,617.399919840538,476
mars_ood,adaptive_risk_aware_astar,400040,timeout,False,0.0,8.82589080977645,993.0224567869669,800
mars_ood,adaptive_risk_aware_astar,400041,success,True,0.0,11.03122399243434,74.69402967713008,4
mars_ood,adaptive_risk_aware_astar,400042,immobilized,False,2.6825081225760576,11.069701112431636,358.01729672859415,91
mars_ood,adaptive_risk_aware_astar,400043,timeout,False,5.680523075832117,10.627744261056389,1112.0768309468654,800
mars_ood,adaptive_risk_aware_astar,400044,success,True,0.0,8.878812952777938,217.3459393708151,58
mars_ood,adaptive_risk_aware_astar,400045,timeout,False,4.3826730168011645,12.070486997534495,948.8779408905714,800
mars_ood,adaptive_risk_aware_astar,400046,immobilized,False,1.0759328114998117,9.241608205169689,344.19559942269643,121
mars_ood,adaptive_risk_aware_astar,400047,success,True,0.0,9.665149970503345,1019.3629088745328,728
mars_ood,adaptive_risk_aware_astar,400048,success,True,0.0,8.369900996280546,334.75810017307396,168
mars_ood,adaptive_risk_aware_astar,400049,immobilized,False,2.4809861891598297,10.408582726408738,251.93671469981535,51
mars_ood,adaptive_risk_aware_astar,400050,immobilized,False,2.544867230415451,9.016487812813203,411.7433516508346,99
mars_ood,adaptive_risk_aware_astar,400051,timeout,False,1.9844359736195682,9.000460904000539,918.5118637546633,800
mars_ood,adaptive_risk_aware_astar,400052,energy_exhausted,False,1.3025252648500094,10.4968674484105,482.4724070392677,70
mars_ood,adaptive_risk_aware_astar,400053,success,True,2.8428104718997353,8.94485504185127,302.87517272495745,136
mars_ood,astar,400004,success,True,0.0,10.342360460905567,331.83149722172095,144
mars_ood,astar,400005,success,True,0.0,9.623904321875369,273.17917286721496,110
mars_ood,astar,400006,success,True,2.660266403645624,9.130953200747532,368.55553425576943,210
mars_ood,astar,400007,energy_exhausted,False,0.0,10.037456096628219,381.61383697728513,32
mars_ood,astar,400008,energy_exhausted,False,0.0,8.885444925719812,418.00563013468445,20
mars_ood,astar,400009,energy_exhausted,False,1.853705666136612,10.375277040139736,345.18709492432,26
mars_ood,astar,400010,success,True,1.8158144339910596,10.41206692211277,332.97411726975696,146
mars_ood,astar,400011,energy_exhausted,False,0.0,9.044600831464807,345.9985528290986,16
mars_ood,astar,400012,energy_exhausted,False,2.065511083809088,9.399408209832723,426.69413567470286,28
mars_ood,astar,400013,timeout,False,0.0,11.422294659534387,1128.859939837355,800
mars_ood,astar,400014,energy_exhausted,False,2.4472873995289284,10.17582267325629,389.43775560427264,23
mars_ood,astar,400015,energy_exhausted,False,0.0,12.083069141602065,416.45476998943127,13
mars_ood,astar,400016,success,True,0.0,12.058914380674398,136.88235586796137,12
mars_ood,astar,400017,energy_exhausted,False,0.0,10.377593705823667,372.6468203046265,24
mars_ood,astar,400018,energy_exhausted,False,1.494875937372436,9.300711949766486,1014.5527404959199,536
mars_ood,astar,400019,success,True,2.4782920855920345,10.403107865331462,296.316201918984,130
mars_ood,astar,400020,immobilized,False,1.6689129305107204,7.490868008358168,292.91682267000795,75
mars_ood,astar,400021,energy_exhausted,False,0.0,8.656699591862557,399.28435878945356,31
mars_ood,astar,400022,success,True,1.274123461933285,10.050554038465963,561.4308803406042,358
mars_ood,astar,400023,success,True,0.0,9.312488982340422,173.7658940285023,16
mars_ood,astar,400024,success,True,0.0,8.945433533721532,283.27047348600655,132
mars_ood,astar,400025,success,True,1.187697045456624,6.504449313092817,645.4253814482713,448
mars_ood,astar,400026,success,True,2.908728450954972,12.919125223882055,391.1993685599423,216
mars_ood,astar,400027,success,True,0.0,10.052784418734847,390.93668633906634,230
mars_ood,astar,400028,energy_exhausted,False,0.0,11.175818835571611,410.7050994170121,20
mars_ood,astar,400029,energy_exhausted,False,1.9269961299693577,7.772974148827593,420.7580210762942,26
mars_ood,astar,400030,immobilized,False,0.0,9.716785046362691,269.76143620128295,65
mars_ood,astar,400031,energy_exhausted,False,2.674855726775574,12.854598146362186,363.32321894859615,29
mars_ood,astar,400032,energy_exhausted,False,2.6622491917741566,10.281575833388214,422.55473463947635,27
mars_ood,astar,400033,success,True,1.236935143682114,8.442189452281752,158.86432185571664,27
mars_ood,astar,400034,success,True,0.0,12.717881015155145,460.2242315383324,294
mars_ood,astar,400035,energy_exhausted,False,0.0,8.869218248335546,434.64131435668577,26
mars_ood,astar,400036,success,True,5.172389931770752,12.205281884196726,303.781367361412,144
mars_ood,astar,400037,immobilized,False,0.0,10.849583089372857,273.4657351841189,9
mars_ood,astar,400038,success,True,0.0,12.89455164165896,262.3925156726596,106
mars_ood,astar,400039,success,True,0.0,8.546839348498514,255.2766216084703,98
mars_ood,astar,400040,success,True,0.0,8.82589080977645,503.26756628913836,330
mars_ood,astar,400041,success,True,0.0,11.03122399243434,219.46363899211775,60
mars_ood,astar,400042,immobilized,False,2.6825081225760576,11.069701112431636,356.27100758797394,91
mars_ood,astar,400043,success,True,2.682945434512903,10.627744261056389,531.6287073191411,348
mars_ood,astar,400044,success,True,0.0,8.878812952777938,298.92480134652095,140
mars_ood,astar,400045,energy_exhausted,False,0.0,12.070486997534495,436.1679719937404,29
mars_ood,astar,400046,immobilized,False,1.0759328114998117,9.241608205169689,336.1051706565472,61
mars_ood,astar,400047,immobilized,False,0.0,9.665149970503345,300.0035495642025,8
mars_ood,astar,400048,success,True,0.0,8.369900996280546,442.9441218826865,276
mars_ood,astar,400049,energy_exhausted,False,2.4809861891598297,10.408582726408738,452.2336218571986,45
mars_ood,astar,400050,energy_exhausted,False,0.0,9.016487812813203,397.08332537608584,26
mars_ood,astar,400051,success,True,1.9844359736195682,9.000460904000539,840.6149649262528,722
mars_ood,astar,400052,success,True,1.3025252648500094,10.4968674484105,493.33903025428003,322
mars_ood,astar,400053,immobilized,False,2.8428104718997353,8.94485504185127,281.969262827027,28
mars_ood,risk_aware_astar,400004,energy_exhausted,False,0.0,10.342360460905567,408.2881733696984,12
mars_ood,risk_aware_astar,400005,success,True,1.7572859911266732,9.623904321875369,335.08810447680065,170
mars_ood,risk_aware_astar,400006,success,True,2.660266403645624,9.130953200747532,346.6313406670351,188
mars_ood,risk_aware_astar,400007,energy_exhausted,False,0.0,10.037456096628219,368.71131874933997,31
mars_ood,risk_aware_astar,400008,timeout,False,0.0,8.885444925719812,1034.6893679065447,800
mars_ood,risk_aware_astar,400009,energy_exhausted,False,2.9643442354033516,10.375277040139736,422.02047663403846,28
mars_ood,risk_aware_astar,400010,energy_exhausted,False,4.648062636397613,10.41206692211277,471.9294065442513,61
mars_ood,risk_aware_astar,400011,immobilized,False,0.0,9.044600831464807,365.73754502205065,145
mars_ood,risk_aware_astar,400012,immobilized,False,4.472829938007017,9.399408209832723,343.3223926144004,65
mars_ood,risk_aware_astar,400013,timeout,False,0.0,11.422294659534387,1150.749109328265,800
mars_ood,risk_aware_astar,400014,energy_exhausted,False,2.4472873995289284,10.17582267325629,387.63617193607,23
mars_ood,risk_aware_astar,400015,energy_exhausted,False,2.6878019553130885,12.083069141602065,422.17725480580896,27
mars_ood,risk_aware_astar,400016,success,True,0.0,12.058914380674398,404.2298859416313,258
mars_ood,risk_aware_astar,400017,energy_exhausted,False,2.015181804021767,10.377593705823667,419.8026416659087,39
mars_ood,risk_aware_astar,400018,success,True,1.494875937372436,9.300711949766486,355.0255584662348,168
mars_ood,risk_aware_astar,400019,success,True,6.74384711050638,10.403107865331462,796.3750061369358,612
mars_ood,risk_aware_astar,400020,immobilized,False,1.6689129305107204,7.490868008358168,334.9082041434082,75
mars_ood,risk_aware_astar,400021,energy_exhausted,False,1.1838366797759214,8.656699591862557,393.111327525502,49
mars_ood,risk_aware_astar,400022,energy_exhausted,False,0.0,10.050554038465963,822.7373519677787,375
mars_ood,risk_aware_astar,400023,success,True,1.6074341944871817,9.312488982340422,457.3084414666287,286
mars_ood,risk_aware_astar,400024,success,True,0.0,8.945433533721532,263.07680539692205,110
mars_ood,risk_aware_astar,400025,success,True,1.187697045456624,6.504449313092817,605.122392877262,410
mars_ood,risk_aware_astar,400026,energy_exhausted,False,2.908728450954972,12.919125223882055,421.79139297756564,30
mars_ood,risk_aware_astar,400027,energy_exhausted,False,2.303114104758288,10.052784418734847,364.7789868944918,28
mars_ood,risk_aware_astar,400028,success,True,2.85670826955898,11.175818835571611,617.4564863398617,424
mars_ood,risk_aware_astar,400029,success,True,1.9269961299693577,7.772974148827593,763.4962518939569,674
mars_ood,risk_aware_astar,400030,immobilized,False,0.0,9.716785046362691,262.04084803303897,65
mars_ood,risk_aware_astar,400031,immobilized,False,2.6760108965509426,12.854598146362186,414.58532531481774,31
mars_ood,risk_aware_astar,400032,success,True,1.8030315845002927,10.281575833388214,363.483003690894,206
mars_ood,risk_aware_astar,400033,success,True,1.236935143682114,8.442189452281752,407.293934590927,258
mars_ood,risk_aware_astar,400034,timeout,False,0.0,12.717881015155145,980.5491581132322,800
mars_ood,risk_aware_astar,400035,energy_exhausted,False,0.0,8.869218248335546,356.18357313318074,30
mars_ood,risk_aware_astar,400036,timeout,False,5.172389931770752,12.205281884196726,1087.0207009411286,800
mars_ood,risk_aware_astar,400037,energy_exhausted,False,0.0,10.849583089372857,665.5813907362176,399
mars_ood,risk_aware_astar,400038,timeout,False,2.3560180656126475,12.89455164165896,997.0778594313407,800
mars_ood,risk_aware_astar,400039,success,True,1.7648669781534534,8.546839348498514,617.399919840538,476
mars_ood,risk_aware_astar,400040,timeout,False,0.0,8.82589080977645,993.0224567869669,800
mars_ood,risk_aware_astar,400041,success,True,0.0,11.03122399243434,244.0835136059999,86
mars_ood,risk_aware_astar,400042,energy_exhausted,False,2.6825081225760576,11.069701112431636,455.8678415784323,43
mars_ood,risk_aware_astar,400043,energy_exhausted,False,2.682945434512903,10.627744261056389,450.7090938720382,45
mars_ood,risk_aware_astar,400044,energy_exhausted,False,2.901195846735302,8.878812952777938,448.2393596052531,42
mars_ood,risk_aware_astar,400045,success,True,2.571866994183246,12.070486997534495,523.2471176451035,404
mars_ood,risk_aware_astar,400046,energy_exhausted,False,2.747236993103781,9.241608205169689,439.2279473636372,40
mars_ood,risk_aware_astar,400047,energy_exhausted,False,0.0,9.665149970503345,515.0546433128694,93
mars_ood,risk_aware_astar,400048,success,True,0.0,8.369900996280546,340.3132171269248,174
mars_ood,risk_aware_astar,400049,immobilized,False,2.4809861891598297,10.408582726408738,308.69572690414157,57
mars_ood,risk_aware_astar,400050,energy_exhausted,False,0.0,9.016487812813203,432.89518892672925,33
mars_ood,risk_aware_astar,400051,timeout,False,1.9844359736195682,9.000460904000539,918.5118637546633,800
mars_ood,risk_aware_astar,400052,success,True,3.4686593707649154,10.4968674484105,565.7937020807622,394
mars_ood,risk_aware_astar,400053,success,True,2.8428104718997353,8.94485504185127,303.7582809807999,138
moon_id,adaptive_risk_aware_astar,300004,success,True,9.566520051998763,9.566520051998763,456.4147007935106,227
moon_id,adaptive_risk_aware_astar,300005,success,True,9.494096489882416,9.494096489882416,491.03884460830545,211
moon_id,adaptive_risk_aware_astar,300006,success,True,7.715457516252617,13.045709179614112,669.991079637115,376
moon_id,adaptive_risk_aware_astar,300007,success,True,6.912168992518176,10.785657572488358,243.58805131268878,114
moon_id,adaptive_risk_aware_astar,300008,success,True,12.64775827220025,12.64775827220025,393.74561527323556,169
moon_id,adaptive_risk_aware_astar,300009,success,True,9.518867163792331,11.094838029729628,433.40596296704246,230
moon_id,adaptive_risk_aware_astar,300010,timeout,False,4.929125730302966,8.76540533893193,1370.9995033539174,800
moon_id,adaptive_risk_aware_astar,300011,success,True,11.69445432187878,11.69445432187878,469.5970849011651,240
moon_id,adaptive_risk_aware_astar,300012,success,True,10.166039447432212,10.166039447432212,489.07545723223916,240
moon_id,adaptive_risk_aware_astar,300013,success,True,12.721426991413411,12.721426991413411,373.84697527827205,184
moon_id,adaptive_risk_aware_astar,300014,success,True,7.9400430436220795,7.9400430436220795,387.86479009092,182
moon_id,adaptive_risk_aware_astar,300015,success,True,5.699318123611853,8.408236350349425,492.67544988077265,270
moon_id,adaptive_risk_aware_astar,300016,success,True,6.879574502152815,6.879574502152815,483.7830443910296,240
moon_id,adaptive_risk_aware_astar,300017,success,True,7.170669552790833,10.157904862047712,856.4587078441446,494
moon_id,adaptive_risk_aware_astar,300018,energy_exhausted,False,1.754094622895253,11.897619210179126,359.8226203757921,119
moon_id,adaptive_risk_aware_astar,300019,success,True,9.734080704773486,10.848116166116698,524.0904521588368,292
moon_id,adaptive_risk_aware_astar,300020,success,True,5.833728886247473,10.221897503125227,802.041258958576,462
moon_id,adaptive_risk_aware_astar,300021,success,True,11.159813030946262,11.159813030946262,452.1623424498168,218
moon_id,adaptive_risk_aware_astar,300022,success,True,9.588766011975672,9.588766011975672,331.99315456710724,150
moon_id,adaptive_risk_aware_astar,300023,success,True,9.512979055289563,9.512979055289563,445.797302102209,217
moon_id,adaptive_risk_aware_astar,300024,success,True,3.901202655774914,9.830194469146184,293.6554240274254,146
moon_id,adaptive_risk_aware_astar,300025,success,True,9.767328802399314,9.767328802399314,361.14487515149284,156
moon_id,adaptive_risk_aware_astar,300026,success,True,12.054806630208946,12.054806630208946,317.34228960495005,149
moon_id,adaptive_risk_aware_astar,300027,success,True,8.77826090599033,11.076602719617856,739.891420174994,424
moon_id,adaptive_risk_aware_astar,300028,success,True,7.242844775725143,9.85630330427927,626.6923038351626,346
moon_id,adaptive_risk_aware_astar,300029,success,True,10.325239545931181,10.325239545931181,411.90574092050025,197
moon_id,adaptive_risk_aware_astar,300030,success,True,7.759790814612954,7.759790814612954,320.21579361657433,143
moon_id,adaptive_risk_aware_astar,300031,success,True,9.738499033236684,9.738499033236684,327.9445662233015,168
moon_id,adaptive_risk_aware_astar,300032,success,True,4.015779272574372,8.097170601900395,546.6031833394608,302
moon_id,adaptive_risk_aware_astar,300033,success,True,7.57660196868175,10.683349792295159,511.4817796741347,278
moon_id,adaptive_risk_aware_astar,300034,success,True,4.978699210388102,8.81410520029832,437.9003104879197,234
moon_id,adaptive_risk_aware_astar,300035,success,True,10.625604088545508,10.625604088545508,494.7736958486354,245
moon_id,adaptive_risk_aware_astar,300036,energy_exhausted,False,9.161683812988315,9.161683812988315,405.96794148888654,194
moon_id,adaptive_risk_aware_astar,300037,success,True,5.326512813698244,9.52221642450207,505.14221369799975,274
moon_id,adaptive_risk_aware_astar,300038,success,True,7.284115324245114,10.259971813948047,572.5860052391848,318
moon_id,adaptive_risk_aware_astar,300039,success,True,4.565138990198129,7.948862244641392,409.81075981961214,218
moon_id,adaptive_risk_aware_astar,300040,success,True,8.693747195953447,10.112682608376382,859.6545008068691,484
moon_id,adaptive_risk_aware_astar,300041,success,True,12.797797819914807,12.797797819914807,388.17411948171997,169
moon_id,adaptive_risk_aware_astar,300042,success,True,8.336354199801947,10.778580437652371,360.20548996577213,184
moon_id,adaptive_risk_aware_astar,300043,success,True,11.295388394900653,11.295388394900653,283.0850934498069,162
moon_id,adaptive_risk_aware_astar,300044,success,True,8.943243893003505,8.943243893003505,258.1976536321557,154
moon_id,adaptive_risk_aware_astar,300045,success,True,7.468878907665096,9.827271613623092,427.0569807599491,220
moon_id,adaptive_risk_aware_astar,300046,success,True,9.650046929695272,12.427029544461885,795.9401057460741,462
moon_id,adaptive_risk_aware_astar,300047,success,True,6.459681650885037,9.367181557147507,422.29521570012236,220
moon_id,adaptive_risk_aware_astar,300048,success,True,5.8627598986385925,10.671839827785096,1138.2336980830282,674
moon_id,adaptive_risk_aware_astar,300049,success,True,11.042168137368588,11.042168137368588,457.01934407568024,230
moon_id,adaptive_risk_aware_astar,300050,success,True,7.0366299240235195,9.816771534281294,421.00943472407926,232
moon_id,adaptive_risk_aware_astar,300051,success,True,9.60949508362769,9.60949508362769,339.76753382929894,181
moon_id,adaptive_risk_aware_astar,300052,success,True,9.314484865889291,9.314484865889291,338.5504837952907,162
moon_id,adaptive_risk_aware_astar,300053,energy_exhausted,False,6.053274521393876,8.953872623277555,315.4822782764513,93
moon_id,astar,300004,success,True,9.566520051998763,9.566520051998763,480.55352438128233,262
moon_id,astar,300005,success,True,7.645177080651701,9.494096489882416,577.87517111791,324
moon_id,astar,300006,success,True,2.86402038387253,13.045709179614112,255.81359484823264,122
moon_id,astar,300007,success,True,2.8286599686881666,10.785657572488358,240.43505637443204,110
moon_id,astar,300008,success,True,12.64775827220025,12.64775827220025,422.1467820711337,202
moon_id,astar,300009,timeout,False,5.614202853445617,11.094838029729628,240.810999854465,800
moon_id,astar,300010,success,True,3.70198829119166,8.76540533893193,301.72897626729144,150
moon_id,astar,300011,success,True,8.94662771434211,11.69445432187878,481.8790412933494,264
moon_id,astar,300012,success,True,9.121515229397556,10.166039447432212,437.2747728687703,234
moon_id,astar,300013,success,True,10.121521346240606,12.721426991413411,365.59628701069244,188
moon_id,astar,300014,success,True,7.9400430436220795,7.9400430436220795,465.7683277052395,211
moon_id,astar,300015,success,True,4.361542942465838,8.408236350349425,443.06423019266884,240
moon_id,astar,300016,timeout,False,4.480242741416851,6.879574502152815,468.5514292361467,800
moon_id,astar,300017,success,True,5.007566845076637,10.157904862047712,541.2691252971654,298
moon_id,astar,300018,energy_exhausted,False,1.754094622895253,11.897619210179126,303.86171788688955,100
moon_id,astar,300019,success,True,9.734080704773486,10.848116166116698,444.01903497213664,240
moon_id,astar,300020,energy_exhausted,False,0.0,10.221897503125227,250.29939093089516,51
moon_id,astar,300021,energy_exhausted,False,8.45800806368756,11.159813030946262,395.3441471601662,142
moon_id,astar,300022,success,True,9.588766011975672,9.588766011975672,333.8039399572019,149
moon_id,astar,300023,energy_exhausted,False,8.144430316632164,9.512979055289563,377.20589386882216,135
moon_id,astar,300024,success,True,1.8776815057425138,9.830194469146184,177.30864346726668,72
moon_id,astar,300025,timeout,False,8.55824411323746,9.767328802399314,439.1698852339876,800
moon_id,astar,300026,success,True,12.054806630208946,12.054806630208946,353.4805442460493,165
moon_id,astar,300027,energy_exhausted,False,6.223965005392438,11.076602719617856,371.17688140108464,135
moon_id,astar,300028,energy_exhausted,False,0.0,9.85630330427927,268.6142184045296,67
moon_id,astar,300029,success,True,7.976852642318921,10.325239545931181,542.1931789872422,302
moon_id,astar,300030,success,True,7.759790814612954,7.759790814612954,328.68880992807556,167
moon_id,astar,300031,success,True,9.738499033236684,9.738499033236684,411.37858516548073,222
moon_id,astar,300032,energy_exhausted,False,0.0,8.097170601900395,221.66888282619328,49
moon_id,astar,300033,timeout,False,4.983786315957204,10.683349792295159,382.3768012860352,800
moon_id,astar,300034,energy_exhausted,False,1.023175552838282,8.81410520029832,339.45124758092635,111
moon_id,astar,300035,success,True,10.625604088545508,10.625604088545508,613.5822044694676,322
moon_id,astar,300036,success,True,7.879596091183752,9.161683812988315,598.5167843836581,338
moon_id,astar,300037,timeout,False,3.910412138853913,9.52221642450207,352.5735086075497,800
moon_id,astar,300038,success,True,6.1784643736867135,10.259971813948047,591.4308664420273,330
moon_id,astar,300039,energy_exhausted,False,1.8597412762139693,7.948862244641392,316.74100848605997,98
moon_id,astar,300040,energy_exhausted,False,10.112682608376382,10.112682608376382,613.5297771899429,273
moon_id,astar,300041,success,True,12.797797819914807,12.797797819914807,415.8802413465442,169
moon_id,astar,300042,success,True,6.785783864547543,10.778580437652371,279.3087431800218,134
moon_id,astar,300043,success,True,11.295388394900653,11.295388394900653,302.38322977230314,159
moon_id,astar,300044,success,True,8.943243893003505,8.943243893003505,323.06672600825766,196
moon_id,astar,300045,success,True,7.468878907665096,9.827271613623092,425.40586951763606,222
moon_id,astar,300046,success,True,8.245592006051501,12.427029544461885,602.2684563116544,340
moon_id,astar,300047,success,True,6.459681650885037,9.367181557147507,401.03852335320573,208
moon_id,astar,300048,energy_exhausted,False,0.0,10.671839827785096,352.21841533247897,120
moon_id,astar,300049,success,True,11.042168137368588,11.042168137368588,519.3785881583143,252
moon_id,astar,300050,success,True,4.577519378416602,9.816771534281294,278.87983600251135,142
moon_id,astar,300051,success,True,9.60949508362769,9.60949508362769,373.90070212827845,177
moon_id,astar,300052,success,True,9.314484865889291,9.314484865889291,363.55803959517436,164
moon_id,astar,300053,energy_exhausted,False,6.053274521393876,8.953872623277555,309.9187664702717,90
moon_id,risk_aware_astar,300004,success,True,9.566520051998763,9.566520051998763,435.1698780551507,228
moon_id,risk_aware_astar,300005,success,True,9.494096489882416,9.494096489882416,459.586296512506,216
moon_id,risk_aware_astar,300006,success,True,5.505210608906328,13.045709179614112,445.4143130114214,240
moon_id,risk_aware_astar,300007,success,True,6.912168992518176,10.785657572488358,237.11748727608725,110
moon_id,risk_aware_astar,300008,success,True,12.64775827220025,12.64775827220025,393.7921447704201,189
moon_id,risk_aware_astar,300009,success,True,9.518867163792331,11.094838029729628,396.76810143188743,208
moon_id,risk_aware_astar,300010,success,True,4.929125730302966,8.76540533893193,1310.4951456666493,772
moon_id,risk_aware_astar,300011,timeout,False,2.8020795231537816,11.69445432187878,200.35619371256513,800
moon_id,risk_aware_astar,300012,success,True,10.166039447432212,10.166039447432212,500.81707353994125,234
moon_id,risk_aware_astar,300013,success,True,12.721426991413411,12.721426991413411,366.117317195321,184
moon_id,risk_aware_astar,300014,success,True,7.9400430436220795,7.9400430436220795,385.7517206502851,178
moon_id,risk_aware_astar,300015,success,True,5.699318123611853,8.408236350349425,468.1107659172263,250
moon_id,risk_aware_astar,300016,success,True,6.879574502152815,6.879574502152815,489.56129549597017,240
moon_id,risk_aware_astar,300017,energy_exhausted,False,6.007307126541198,10.157904862047712,416.82136850174146,160
moon_id,risk_aware_astar,300018,energy_exhausted,False,1.754094622895253,11.897619210179126,341.09161535160246,109
moon_id,risk_aware_astar,300019,success,True,9.734080704773486,10.848116166116698,527.6972195942122,292
moon_id,risk_aware_astar,300020,success,True,5.833728886247473,10.221897503125227,635.7534932816826,359
moon_id,risk_aware_astar,300021,success,True,11.159813030946262,11.159813030946262,409.0849199238181,205
moon_id,risk_aware_astar,300022,success,True,9.588766011975672,9.588766011975672,317.98238665218423,149
moon_id,risk_aware_astar,300023,success,True,9.512979055289563,9.512979055289563,486.43066125621,236
moon_id,risk_aware_astar,300024,success,True,3.901202655774914,9.830194469146184,264.5398501331032,126
moon_id,risk_aware_astar,300025,success,True,9.767328802399314,9.767328802399314,378.0630263752699,157
moon_id,risk_aware_astar,300026,success,True,12.054806630208946,12.054806630208946,324.1451322470352,151
moon_id,risk_aware_astar,300027,success,True,8.77826090599033,11.076602719617856,812.8165168113148,472
moon_id,risk_aware_astar,300028,success,True,7.242844775725143,9.85630330427927,637.0804163227396,350
moon_id,risk_aware_astar,300029,success,True,10.325239545931181,10.325239545931181,468.91976857481234,215
moon_id,risk_aware_astar,300030,success,True,7.759790814612954,7.759790814612954,290.81361594965665,156
moon_id,risk_aware_astar,300031,success,True,9.738499033236684,9.738499033236684,311.80199715907423,141
moon_id,risk_aware_astar,300032,success,True,4.015779272574372,8.097170601900395,585.9737637346309,326
moon_id,risk_aware_astar,300033,success,True,7.57660196868175,10.683349792295159,822.174630583629,474
moon_id,risk_aware_astar,300034,success,True,4.978699210388102,8.81410520029832,504.9739720761813,280
moon_id,risk_aware_astar,300035,success,True,10.625604088545508,10.625604088545508,526.4686800685799,279
moon_id,risk_aware_astar,300036,success,True,9.161683812988315,9.161683812988315,432.9667504975764,219
moon_id,risk_aware_astar,300037,success,True,5.326512813698244,9.52221642450207,497.09217957087844,268
moon_id,risk_aware_astar,300038,success,True,7.284115324245114,10.259971813948047,510.0768703523376,278
moon_id,risk_aware_astar,300039,success,True,4.565138990198129,7.948862244641392,382.9077595411146,200
moon_id,risk_aware_astar,300040,success,True,8.693747195953447,10.112682608376382,723.3533315696485,400
moon_id,risk_aware_astar,300041,success,True,12.797797819914807,12.797797819914807,365.7379385292133,166
moon_id,risk_aware_astar,300042,success,True,8.336354199801947,10.778580437652371,358.1997135428051,182
moon_id,risk_aware_astar,300043,success,True,11.295388394900653,11.295388394900653,268.828308841686,161
moon_id,risk_aware_astar,300044,success,True,8.943243893003505,8.943243893003505,258.1976536321557,154
moon_id,risk_aware_astar,300045,success,True,7.468878907665096,9.827271613623092,433.80294386327256,238
moon_id,risk_aware_astar,300046,success,True,9.650046929695272,12.427029544461885,916.9640262562152,536
moon_id,risk_aware_astar,300047,success,True,6.459681650885037,9.367181557147507,435.08157890837066,228
moon_id,risk_aware_astar,300048,energy_exhausted,False,2.7509650240414514,10.671839827785096,433.25494994572387,171
moon_id,risk_aware_astar,300049,success,True,11.042168137368588,11.042168137368588,462.5195465439084,222
moon_id,risk_aware_astar,300050,success,True,4.577519378416602,9.816771534281294,569.6586795057925,334
moon_id,risk_aware_astar,300051,success,True,9.60949508362769,9.60949508362769,339.6921327228574,176
moon_id,risk_aware_astar,300052,success,True,9.314484865889291,9.314484865889291,339.33377035046635,162
moon_id,risk_aware_astar,300053,energy_exhausted,False,6.053274521393876,8.953872623277555,313.6557055440665,92
