final_coverage,steps_taken,rovers_alive,n_rovers,energy_spent,coverage_per_energy,algorithm,seed,terrain_size,max_steps,comm_radius,failure_rate
0.6,250,4,4,994.5168106668152,0.000603308052276869,frontier,0,48,250,3,0.0
0.7995769434161819,250,4,4,995.1126983722082,0.0008035039093804339,frontier,1,48,250,3,0.0
0.756890848952591,250,4,4,995.1543289325509,0.0007605763517749729,frontier,2,48,250,3,0.0
0.7379275653923542,250,4,4,995.1025971044422,0.0007415592799572445,frontier,3,48,250,3,0.0
0.6,250,3,4,873.5168106668152,0.000686878595435363,frontier,0,48,250,3,0.25
0.7995769434161819,250,3,4,873.1126983722082,0.0009157774762718225,frontier,1,48,250,3,0.25
0.756890848952591,250,3,4,873.1543289325509,0.0008668465858468634,frontier,2,48,250,3,0.25
0.7379275653923542,250,3,4,874.1025971044422,0.0008442116152461023,frontier,3,48,250,3,0.25
0.6,250,2,4,752.5168106668152,0.0007973243806584625,frontier,0,48,250,3,0.5
0.5795875198307774,250,2,4,751.7279220613578,0.0007710070396766106,frontier,1,48,250,3,0.5
0.7122381477398015,250,2,4,752.8700576850888,0.0009460306469482642,frontier,2,48,250,3,0.5
0.7007042253521126,250,2,4,751.8599564173229,0.000931961091119985,frontier,3,48,250,3,0.5
0.6051948051948052,250,4,4,995.8406204335658,0.0006077225539678402,frontier,0,48,250,6,0.0
0.7995769434161819,250,4,4,995.1126983722082,0.0008035039093804339,frontier,1,48,250,6,0.0
0.6620727673649394,250,4,4,995.8700576850888,0.0006648184291271243,frontier,2,48,250,6,0.0
0.6302816901408451,250,4,4,994.5168106668153,0.0006337566981077439,frontier,3,48,250,6,0.0
0.6051948051948052,250,3,4,874.840620433566,0.0006917772118250227,frontier,0,48,250,6,0.25
0.7995769434161819,250,3,4,873.1126983722082,0.0009157774762718225,frontier,1,48,250,6,0.25
0.6620727673649394,250,3,4,874.8700576850888,0.0007567669753343573,frontier,2,48,250,6,0.25
0.5895372233400402,250,3,4,873.4457428549498,0.0006749557464360356,frontier,3,48,250,6,0.25
0.6051948051948052,250,2,4,752.8406204335658,0.0008038817098448667,frontier,0,48,250,6,0.5
0.5795875198307774,250,2,4,751.7279220613578,0.0007710070396766106,frontier,1,48,250,6,0.5
0.6466372657111357,250,2,4,754.0416305603426,0.0008575617572077649,frontier,2,48,250,6,0.5
0.5895372233400402,250,2,4,751.4457428549498,0.0007845373121687077,frontier,3,48,250,6,0.5
0.6057142857142858,250,4,4,994.2325394193534,0.0006092279840971931,frontier,0,48,250,12,0.0
0.6927551560021152,250,4,4,994.752308678998,0.0006964096991361335,frontier,1,48,250,12,0.0
0.6659316427783903,250,4,4,995.4558441227157,0.0006689715537963099,frontier,2,48,250,12,0.0
0.6302816901408451,250,4,4,994.1686142824252,0.0006339786642689099,frontier,3,48,250,12,0.0
0.6057142857142858,250,3,4,873.2325394193534,0.0006936460316939734,frontier,0,48,250,12,0.25
0.6927551560021152,250,3,4,872.752308678998,0.0007937591789939492,frontier,1,48,250,12,0.25
0.6659316427783903,250,3,4,874.4558441227157,0.0007615383295270626,frontier,2,48,250,12,0.25
0.6212273641851107,250,3,4,873.0315292925767,0.0007115749469993317,frontier,3,48,250,12,0.25
0.6057142857142858,250,2,4,751.2325394193534,0.0008062939954417544,frontier,0,48,250,12,0.5
0.5795875198307774,250,2,4,751.7279220613578,0.0007710070396766106,frontier,1,48,250,12,0.5
0.6504961411245865,250,2,4,753.6274169979695,0.0008631534979390741,frontier,2,48,250,12,0.5
0.6212273641851107,250,2,4,751.0315292925767,0.0008271654916675294,frontier,3,48,250,12,0.5
0.6057142857142858,250,4,4,994.2325394193534,0.0006092279840971931,frontier,0,48,250,24,0.0
0.4997355896351137,250,4,4,994.970562748477,0.0005022616832548885,frontier,1,48,250,24,0.0
0.6719955898566703,250,4,4,995.4264068711929,0.0006750831454922673,frontier,2,48,250,24,0.0
0.6287726358148893,250,4,4,994.1686142824252,0.0006324607584486332,frontier,3,48,250,24,0.0
0.6057142857142858,250,3,4,873.2325394193534,0.0006936460316939734,frontier,0,48,250,24,0.25
0.4997355896351137,250,3,4,872.970562748477,0.0005724541135290252,frontier,1,48,250,24,0.25
0.6719955898566703,250,3,4,874.4264068711929,0.00076849873765953,frontier,2,48,250,24,0.25
0.6182092555331992,250,3,4,874.274169979696,0.0007071114265534762,frontier,3,48,250,24,0.25
0.6057142857142858,250,2,4,751.2325394193534,0.0008062939954417544,frontier,0,48,250,24,0.5
0.4997355896351137,250,2,4,752.970562748477,0.0006636854272376726,frontier,1,48,250,24,0.5
0.6565600882028666,250,2,4,753.5979797464466,0.0008712338751541914,frontier,2,48,250,24,0.5
0.6182092555331992,250,2,4,752.274169979696,0.0008217871624515364,frontier,3,48,250,24,0.5
0.6057142857142858,250,4,4,994.2325394193534,0.0006092279840971931,frontier,0,48,250,48,0.0
0.4997355896351137,250,4,4,994.970562748477,0.0005022616832548885,frontier,1,48,250,48,0.0
0.6719955898566703,250,4,4,995.4264068711929,0.0006750831454922673,frontier,2,48,250,48,0.0
0.6287726358148893,250,4,4,994.1686142824252,0.0006324607584486332,frontier,3,48,250,48,0.0
0.6057142857142858,250,3,4,873.2325394193534,0.0006936460316939734,frontier,0,48,250,48,0.25
0.4997355896351137,250,3,4,872.970562748477,0.0005724541135290252,frontier,1,48,250,48,0.25
0.6719955898566703,250,3,4,874.4264068711929,0.00076849873765953,frontier,2,48,250,48,0.25
0.6182092555331992,250,3,4,874.274169979696,0.0007071114265534762,frontier,3,48,250,48,0.25
0.6057142857142858,250,2,4,751.2325394193534,0.0008062939954417544,frontier,0,48,250,48,0.5
0.4997355896351137,250,2,4,752.970562748477,0.0006636854272376726,frontier,1,48,250,48,0.5
0.6565600882028666,250,2,4,753.5979797464466,0.0008712338751541914,frontier,2,48,250,48,0.5
0.6182092555331992,250,2,4,752.274169979696,0.0008217871624515364,frontier,3,48,250,48,0.5
0.43636363636363634,250,4,4,994.6173157302037,0.0004387251553561358,pheromone,0,48,250,3,0.0
0.2749867794817557,250,4,4,994.1017305526675,0.0002766183490384608,pheromone,1,48,250,3,0.0
0.8087100330760749,250,4,4,994.568542494924,0.0008131264950803552,pheromone,2,48,250,3,0.0
0.2535211267605634,250,4,4,995.849855149557,0.0002545776609291061,pheromone,3,48,250,3,0.0
0.43636363636363634,250,3,4,872.3746750430844,0.0005002020907382318,pheromone,0,48,250,3,0.25
0.2749867794817557,250,3,4,886.6214998123114,0.00031015126470536477,pheromone,1,48,250,3,0.25
0.8054024255788313,250,3,4,875.0832611206854,0.0009203723363961773,pheromone,2,48,250,3,0.25
0.2535211267605634,250,3,4,905.3401871576782,0.00028002857970603815,pheromone,3,48,250,3,0.25
0.43636363636363634,250,2,4,750.3036072312188,0.0005815827515129664,pheromone,0,48,250,3,0.5
0.2749867794817557,250,2,4,815.9108216936561,0.0003370304353984937,pheromone,1,48,250,3,0.5
0.8059536934950385,250,2,4,752.1126983722081,0.0010715863397059485,pheromone,2,48,250,3,0.5
0.2535211267605634,250,2,4,782.3401871576782,0.00032405484330497137,pheromone,3,48,250,3,0.5
0.2888311688311688,250,4,4,994.8569978244943,0.0002903243073756037,pheromone,0,48,250,6,0.0
0.6240084611316764,250,4,4,994.1656556895957,0.0006276705069829006,pheromone,1,48,250,6,0.0
0.860529217199559,250,4,4,995.9411254969546,0.0008640362318306439,pheromone,2,48,250,6,0.0
0.26006036217303824,250,4,4,996.5067093990494,0.00026097201325404976,pheromone,3,48,250,6,0.0
0.2888311688311688,250,3,4,902.9331162702424,0.0003198810228871076,pheromone,0,48,250,6,0.25
0.6240084611316764,250,3,4,896.5849198858514,0.0006959836679063506,pheromone,1,48,250,6,0.25
0.860529217199559,250,3,4,873.284271247462,0.0009853941557544797,pheromone,2,48,250,6,0.25
0.26006036217303824,250,3,4,905.9970414071706,0.0002870432797099639,pheromone,3,48,250,6,0.25
0.2779220779220779,250,2,4,802.2518754031098,0.00034642745806288033,pheromone,0,48,250,6,0.5
0.34108937070333156,250,2,4,800.6265504461942,0.00042602805329556,pheromone,1,48,250,6,0.5
0.860529217199559,250,2,4,751.6274169979697,0.0011448880093232197,pheromone,2,48,250,6,0.5
0.26006036217303824,250,2,4,783.9970414071706,0.0003317108974113785,pheromone,3,48,250,6,0.5
0.6909090909090909,250,4,4,994.6782822743035,0.0006946055857672362,pheromone,0,48,250,12,0.0
0.8281332628239026,250,4,4,994.5798692519688,0.0008326463147165326,pheromone,1,48,250,12,0.0
0.8880926130099228,250,4,4,995.1126983722083,0.0008924543063942933,pheromone,2,48,250,12,0.0
0.42505030181086517,250,4,4,996.8914857098997,0.00042637569675718634,pheromone,3,48,250,12,0.0
0.6909090909090909,250,3,4,902.7544007200515,0.0007653345033355812,pheromone,0,48,250,12,0.25
0.8281332628239026,250,3,4,896.9991334482245,0.0009232263799859102,pheromone,1,48,250,12,0.25
0.8880926130099228,250,3,4,872.6274169979697,0.0010177225648778682,pheromone,2,48,250,12,0.25
0.3656941649899396,250,3,4,875.6488450227804,0.0004176265029852531,pheromone,3,48,250,12,0.25
0.4737662337662338,250,2,4,781.1269837220818,0.0006065162817813956,pheromone,0,48,250,12,0.5
0.5118984664198837,250,2,4,798.9696961967018,0.000640698225297718,pheromone,1,48,250,12,0.5
0.75909592061742,250,2,4,751.142135623731,0.0010105889213458707,pheromone,2,48,250,12,0.5
0.3656941649899396,250,2,4,789.3818177180209,0.00046326651663589633,pheromone,3,48,250,12,0.5
0.6909090909090909,250,4,4,994.6782822743035,0.0006946055857672362,pheromone,0,48,250,24,0.0
0.8281332628239026,250,4,4,994.5798692519688,0.0008326463147165326,pheromone,1,48,250,24,0.0
0.8947078280044102,250,4,4,996.142135623731,0.0008981728570734457,pheromone,2,48,250,24,0.0
0.4381287726358149,250,4,4,996.3056992722728,0.00043975335377067034,pheromone,3,48,250,24,0.0
0.6909090909090909,250,3,4,902.7544007200515,0.0007653345033355812,pheromone,0,48,250,24,0.25
0.8281332628239026,250,3,4,896.9991334482245,0.0009232263799859102,pheromone,1,48,250,24,0.25
0.8947078280044102,250,3,4,874.142135623731,0.0010235267144124162,pheromone,2,48,250,24,0.25
0.3656941649899396,250,3,4,875.6488450227804,0.0004176265029852531,pheromone,3,48,250,24,0.25
0.4737662337662338,250,2,4,781.1269837220818,0.0006065162817813956,pheromone,0,48,250,24,0.5
0.5118984664198837,250,2,4,798.9696961967018,0.000640698225297718,pheromone,1,48,250,24,0.5
0.8599779492833517,250,2,4,751.3137084989847,0.001144632314777621,pheromone,2,48,250,24,0.5
0.3656941649899396,250,2,4,789.3818177180209,0.00046326651663589633,pheromone,3,48,250,24,0.5
0.6909090909090909,250,4,4,994.6782822743035,0.0006946055857672362,pheromone,0,48,250,48,0.0
0.8281332628239026,250,4,4,994.5798692519688,0.0008326463147165326,pheromone,1,48,250,48,0.0
0.8947078280044102,250,4,4,996.142135623731,0.0008981728570734457,pheromone,2,48,250,48,0.0
0.4381287726358149,250,4,4,996.3056992722728,0.00043975335377067034,pheromone,3,48,250,48,0.0
0.6909090909090909,250,3,4,902.7544007200515,0.0007653345033355812,pheromone,0,48,250,48,0.25
0.8281332628239026,250,3,4,896.9991334482245,0.0009232263799859102,pheromone,1,48,250,48,0.25
0.8947078280044102,250,3,4,874.142135623731,0.0010235267144124162,pheromone,2,48,250,48,0.25
0.3656941649899396,250,3,4,875.6488450227804,0.0004176265029852531,pheromone,3,48,250,48,0.25
0.4737662337662338,250,2,4,781.1269837220818,0.0006065162817813956,pheromone,0,48,250,48,0.5
0.5118984664198837,250,2,4,798.9696961967018,0.000640698225297718,pheromone,1,48,250,48,0.5
0.8599779492833517,250,2,4,751.3137084989847,0.001144632314777621,pheromone,2,48,250,48,0.5
0.3656941649899396,250,2,4,789.3818177180209,0.00046326651663589633,pheromone,3,48,250,48,0.5
0.21558441558441557,250,4,4,994.0722933011441,0.0002168699570817899,potential_field,0,48,250,3,0.0
0.476467477525119,250,4,4,994.2783540618037,0.00047920934372016114,potential_field,1,48,250,3,0.0
0.33792723263506064,250,4,4,995.9970414071705,0.00033928537795416367,potential_field,2,48,250,3,0.0
0.18661971830985916,250,4,4,994.9869401394046,0.00018755996765516583,potential_field,3,48,250,3,0.0
0.21558441558441557,250,3,4,889.2316728675778,0.00024243897531135272,potential_field,0,48,250,3,0.25
0.476467477525119,250,3,4,920.7392488184022,0.0005174836177957836,potential_field,1,48,250,3,0.25
0.33792723263506064,250,3,4,882.9970414071705,0.00038270483001452606,potential_field,2,48,250,3,0.25
0.18661971830985916,250,3,4,879.9869401394046,0.00021207100900871948,potential_field,3,48,250,3,0.25
0.21558441558441557,250,2,4,814.2783540618032,0.0002647551841566611,potential_field,0,48,250,3,0.5
0.476467477525119,250,2,4,801.910821693656,0.0005941651672923026,potential_field,1,48,250,3,0.5
0.33792723263506064,250,2,4,803.6295090390228,0.00042050127432372757,potential_field,2,48,250,3,0.5
0.18661971830985916,250,2,4,762.9869401394046,0.0002445909733078289,potential_field,3,48,250,3,0.5
0.8275324675324676,250,4,4,996.0285706997472,0.000830832058312439,potential_field,0,48,250,6,0.0
0.8164992067689053,250,4,4,994.7930726875653,0.000820772911659934,potential_field,1,48,250,6,0.0
0.7552370452039692,250,4,4,995.6265504461946,0.0007585545452413921,potential_field,2,48,250,6,0.0
0.42857142857142855,250,4,4,996.2367235014609,0.00043019035381985704,potential_field,3,48,250,6,0.0
0.8275324675324676,250,3,4,890.3178925810919,0.0009294797672024707,potential_field,0,48,250,6,0.25
0.6589106292966684,250,3,4,878.6509370638342,0.0007499117129477304,potential_field,1,48,250,6,0.25
0.7552370452039692,250,3,4,906.5310960166889,0.0008331066066266143,potential_field,2,48,250,6,0.25
0.42706237424547283,250,3,4,904.6093065034912,0.0004720959326586639,potential_field,3,48,250,6,0.25
0.8041558441558442,250,2,4,789.2051942088835,0.0010189439325243514,potential_field,0,48,250,6,0.5
0.6589106292966684,250,2,4,834.810316630268,0.0007892938265980913,potential_field,1,48,250,6,0.5
0.685226019845645,250,2,4,787.1879502661814,0.0008704732073375124,potential_field,2,48,250,6,0.5
0.42706237424547283,250,2,4,796.3544725075518,0.000536271709381808,potential_field,3,48,250,6,0.5
0.4555844155844156,250,4,4,994.9402589451792,0.0004579012774771215,potential_field,0,48,250,12,0.0
0.629825489159175,250,4,4,995.3036072312179,0.0006327973540769665,potential_field,1,48,250,12,0.0
0.47078280044101434,250,4,4,994.5798692519688,0.0004733484107164704,potential_field,2,48,250,12,0.0
0.8677062374245473,250,4,4,994.0580079512704,0.0008728929604549627,potential_field,3,48,250,12,0.0
0.4555844155844156,250,3,4,873.9402589451792,0.0005212992660783163,potential_field,0,48,250,12,0.25
0.629825489159175,250,3,4,895.3036072312179,0.0007034769926896078,potential_field,1,48,250,12,0.25
0.47078280044101434,250,3,4,918.7098115668798,0.0005124390689134841,potential_field,2,48,250,12,0.25
0.8677062374245473,250,3,4,900.3889603929579,0.0009637015507674075,potential_field,3,48,250,12,0.25
0.4555844155844156,250,2,4,773.5432893255087,0.0005889578797608891,potential_field,0,48,250,12,0.5
0.6049709148598625,250,2,4,772.5046173579944,0.0007831291894783674,potential_field,1,48,250,12,0.5
0.47078280044101434,250,2,4,794.3006486383892,0.0005927010147203612,potential_field,2,48,250,12,0.5
0.8566398390342053,250,2,4,816.4528855298859,0.0010492213993196161,potential_field,3,48,250,12,0.5
0.4841558441558442,250,4,4,994.9696961967019,0.0004866036081365521,potential_field,0,48,250,24,0.0
0.4188260179799048,250,4,4,996.4722215136431,0.0004203087742312649,potential_field,1,48,250,24,0.0
0.47078280044101434,250,4,4,994.5798692519688,0.0004733484107164704,potential_field,2,48,250,24,0.0
0.7203219315895373,250,4,4,995.7665940288708,0.0007233843110513633,potential_field,3,48,250,24,0.0
0.4841558441558442,250,3,4,873.9696961967019,0.0005539732627604477,potential_field,0,48,250,24,0.25
0.4188260179799048,250,3,4,921.5189027078685,0.0004544953085055459,potential_field,1,48,250,24,0.25
0.47078280044101434,250,3,4,918.7098115668798,0.0005124390689134841,potential_field,2,48,250,24,0.25
0.7203219315895373,250,3,4,902.4284989122458,0.0007982038825876919,potential_field,3,48,250,24,0.25
0.4841558441558442,250,2,4,773.5432893255087,0.0006258936646945822,potential_field,0,48,250,24,0.5
0.4188260179799048,250,2,4,767.4722215136431,0.000545721403641004,potential_field,1,48,250,24,0.5
0.47078280044101434,250,2,4,794.3006486383892,0.0005927010147203612,potential_field,2,48,250,24,0.5
0.7203219315895373,250,2,4,806.4284989122458,0.0008932247961984805,potential_field,3,48,250,24,0.5
0.4841558441558442,250,4,4,994.9696961967019,0.0004866036081365521,potential_field,0,48,250,48,0.0
0.4188260179799048,250,4,4,996.4722215136431,0.0004203087742312649,potential_field,1,48,250,48,0.0
0.47078280044101434,250,4,4,994.5798692519688,0.0004733484107164704,potential_field,2,48,250,48,0.0
0.7203219315895373,250,4,4,995.7665940288708,0.0007233843110513633,potential_field,3,48,250,48,0.0
0.4841558441558442,250,3,4,873.9696961967019,0.0005539732627604477,potential_field,0,48,250,48,0.25
0.4188260179799048,250,3,4,921.5189027078685,0.0004544953085055459,potential_field,1,48,250,48,0.25
0.47078280044101434,250,3,4,918.7098115668798,0.0005124390689134841,potential_field,2,48,250,48,0.25
0.7203219315895373,250,3,4,902.4284989122458,0.0007982038825876919,potential_field,3,48,250,48,0.25
0.4841558441558442,250,2,4,773.5432893255087,0.0006258936646945822,potential_field,0,48,250,48,0.5
0.4188260179799048,250,2,4,767.4722215136431,0.000545721403641004,potential_field,1,48,250,48,0.5
0.47078280044101434,250,2,4,794.3006486383892,0.0005927010147203612,potential_field,2,48,250,48,0.5
0.7203219315895373,250,2,4,806.4284989122458,0.0008932247961984805,potential_field,3,48,250,48,0.5
